Date,Meal,Calories,Fat (g),Saturated Fat,Polyunsaturated Fat,Monounsaturated Fat,Trans Fat,Cholesterol,Sodium (mg),Potassium,Carbohydrates (g),Fiber,Sugar,Protein (g),Vitamin A,Vitamin C,Calcium,Iron,Note
2018-10-15,Breakfast,1003.0,24.0,6.7,1.8,5.1,0.0,573.3,424.8,177.0,49.8,3.0,22.9,23.0,0.0,0.0,2.0,10.0,
2018-10-15,Dinner,788.8,34.3,9.8,7.3,13.3,0.0,480.4,794.0,484.4,56.4,0.0,0.3,57.4,9.5,0.0,9.9,22.6,
2018-10-15,Lunch,250.0,20.0,17.0,0.0,0.0,0.0,15.0,200.0,100.0,36.0,5.0,4.0,19.0,24.0,0.0,7.0,8.0,
2018-10-15,Snacks,1375.0,31.5,8.7,0.4,0.1,0.0,30.0,692.0,1396.0,232.0,12.2,40.0,51.6,2.0,144.0,302.0,8.5,
2018-10-16,Breakfast,834.0,37.0,18.2,1.8,5.1,0.0,618.3,184.8,177.0,1.8,0.0,0.9,18.0,0.0,0.0,0.0,0.0,
2018-10-16,Dinner,1030.0,46.0,24.0,0.0,0.0,1.0,220.0,1620.0,0.0,104.0,6.0,4.0,51.0,0.0,0.0,0.0,0.0,
2018-10-16,Lunch,740.0,30.0,13.0,1.5,3.5,1.0,80.0,1400.0,0.0,83.0,7.0,16.0,32.0,12.0,0.0,40.0,32.0,
2018-10-16,Snacks,920.0,18.7,2.6,0.1,0.0,0.0,0.0,141.0,614.0,161.0,5.1,17.0,33.3,1.0,17.0,2.0,5.0,
2018-10-17,Breakfast,1016.0,45.0,12.2,1.8,5.1,0.0,720.3,479.8,177.0,90.8,4.0,31.9,61.0,0.0,70.0,14.0,20.0,
2018-10-17,Dinner,483.0,12.6,0.0,0.0,0.0,0.0,0.0,0.0,0.0,67.2,8.4,4.2,29.4,0.0,0.0,0.0,0.0,
2018-10-17,Lunch,210.0,2.5,1.0,0.0,0.0,0.0,5.0,1050.0,0.0,42.0,1.0,2.0,4.0,0.0,0.0,2.0,2.0,
2018-10-17,Snacks,1500.0,35.7,7.6,5.1,4.0,1.0,0.0,821.0,704.0,258.0,9.1,45.0,46.3,1.0,17.0,12.0,28.0,
2018-10-18,Breakfast,843.0,26.0,11.2,1.8,5.1,0.0,588.3,184.8,367.0,13.8,0.0,11.9,19.0,25.0,100.0,25.0,0.0,
2018-10-18,Lunch,726.0,22.6,1.5,0.0,0.0,0.0,4.0,928.0,0.0,80.2,10.4,8.2,32.4,0.0,0.0,0.0,0.0,
2018-10-18,Snacks,1580.0,71.0,21.5,6.5,12.0,0.0,15.0,3960.0,259.0,203.0,12.0,41.0,33.0,0.0,0.0,10.0,58.0,
2018-10-19,Breakfast,733.0,23.0,7.3,2.4,8.3,1.8,41.7,1534.9,488.0,106.1,5.3,14.4,26.4,5.8,3.2,31.9,34.5,
2018-10-19,Lunch,954.0,45.0,3.0,0.0,0.0,0.0,1.0,102.0,0.0,117.0,1.0,0.0,21.0,0.0,0.0,0.0,0.0,
2018-10-19,Snacks,1642.0,86.0,14.6,10.4,26.8,1.0,759.4,2026.4,664.0,163.4,14.0,34.2,56.0,6.0,6.0,24.0,49.0,
2018-10-20,Breakfast,572.0,39.0,15.1,4.9,8.8,0.0,774.4,356.4,281.0,24.4,1.0,12.2,26.0,0.0,0.0,0.0,4.0,
2018-10-20,Dinner,1085.0,35.0,0.0,0.0,0.0,0.0,125.0,1245.0,0.0,118.0,10.0,0.0,75.0,0.0,0.0,0.0,0.0,
2018-10-20,Lunch,980.0,52.0,9.0,0.0,0.0,0.0,65.0,1740.0,0.0,95.0,4.0,11.0,33.0,0.0,15.0,12.0,21.0,
2018-10-20,Snacks,530.0,20.0,8.0,0.0,0.0,0.0,5.0,320.0,0.0,80.0,3.0,30.0,6.0,4.0,0.0,8.0,14.0,
2018-10-21,Breakfast,930.0,36.0,18.0,0.0,0.0,0.0,90.0,1650.0,540.0,105.0,6.0,9.0,48.0,0.0,0.0,900.0,7.5,
2018-10-21,Dinner,700.0,33.0,7.5,0.0,0.0,0.0,30.0,990.0,0.0,84.0,0.0,6.0,14.0,0.0,0.0,0.0,0.0,
2018-10-21,Snacks,1572.5,43.8,6.1,6.6,12.0,0.0,0.0,371.0,873.0,252.0,9.1,29.0,53.8,1.0,17.0,8.0,15.0,
2018-10-22,Breakfast,1087.0,50.0,10.2,1.8,5.1,0.0,558.3,1024.8,661.0,89.8,7.0,29.9,39.0,0.0,0.0,78.0,9.0,
2018-10-22,Dinner,1613.5,40.6,7.5,6.8,0.0,0.0,49.0,1422.0,714.9,253.5,6.6,21.6,62.3,5.2,17.0,18.0,15.6,
2018-10-22,Lunch,805.0,22.0,9.0,0.0,0.0,0.0,170.0,1232.0,0.0,99.0,3.0,2.0,52.0,0.0,0.0,0.0,20.0,
2018-10-22,Snacks,260.0,10.0,2.5,0.0,0.0,0.0,10.0,140.0,0.0,41.0,0.0,25.0,2.0,2.0,0.0,0.0,2.0,
2018-10-23,Breakfast,834.0,49.0,10.2,1.8,5.1,0.0,558.3,724.8,661.0,65.8,7.0,29.9,36.0,0.0,0.0,78.0,3.0,
2018-10-23,Dinner,1732.5,59.8,36.6,0.1,0.0,0.0,30.0,541.0,814.0,296.0,15.1,25.0,83.8,49.0,17.0,16.0,21.0,
2018-10-23,Lunch,725.0,3.6,0.0,0.0,0.0,0.0,0.0,0.0,0.0,152.3,7.3,7.3,25.4,0.0,0.0,0.0,36.3,
2018-10-23,Snacks,280.0,8.0,3.0,0.0,0.0,0.0,15.0,220.0,0.0,48.0,3.0,23.0,5.0,0.0,0.0,2.0,10.0,
2018-10-24,Breakfast,930.0,19.5,5.3,2.0,5.1,0.0,558.3,697.8,484.8,44.5,2.3,23.2,22.3,15.2,22.0,2.1,3.1,
2018-10-24,Dinner,1020.0,56.0,0.0,0.0,0.0,0.0,120.0,2060.0,0.0,76.0,0.0,0.0,40.0,0.0,0.0,0.0,0.0,
2018-10-24,Lunch,380.0,0.0,0.0,0.0,0.0,0.0,0.0,0.0,0.0,0.0,0.0,0.0,0.0,0.0,0.0,0.0,0.0,
2018-10-24,Snacks,1076.3,19.2,2.6,0.1,0.0,0.0,0.0,141.0,614.0,192.5,5.1,17.0,39.6,1.0,17.0,2.0,5.0,
2018-10-25,Breakfast,1102.0,28.0,0.0,0.0,0.0,0.0,60.0,1030.0,0.0,38.0,0.0,0.0,20.0,0.0,0.0,0.0,0.0,
2018-10-25,Dinner,744.0,20.0,3.0,0.0,0.0,0.0,82.0,1263.0,0.0,51.0,2.0,9.0,38.0,0.0,0.0,0.0,0.0,
2018-10-25,Lunch,890.0,42.0,7.0,0.0,0.0,0.0,60.0,1760.0,0.0,92.0,2.0,2.0,28.0,0.0,0.0,0.0,16.0,
2018-10-25,Snacks,1076.3,19.2,2.6,0.1,0.0,0.0,0.0,141.0,614.0,192.5,5.1,17.0,39.6,1.0,17.0,2.0,5.0,
2018-10-26,Breakfast,547.0,29.0,9.5,2.2,9.4,0.8,600.0,929.7,415.0,34.9,1.3,8.3,33.4,5.8,1.2,19.9,15.5,
2018-10-26,Dinner,510.0,28.0,0.0,0.0,0.0,0.0,60.0,1030.0,0.0,38.0,0.0,0.0,20.0,0.0,0.0,0.0,0.0,
2018-10-26,Lunch,435.0,15.9,4.6,0.0,0.0,0.0,60.0,909.4,1.1,37.4,1.1,0.1,16.9,0.0,45.0,2.3,15.4,
2018-10-26,Snacks,1650.0,19.5,7.5,4.0,3.0,0.0,10.0,200.0,40.0,316.0,1.0,38.0,53.0,2.0,0.0,0.0,4.0,
2018-10-27,Breakfast,803.4,15.0,4.3,0.3,0.3,0.0,115.0,528.0,128.8,107.9,2.3,0.1,51.8,0.0,0.0,0.0,0.0,
2018-10-27,Dinner,780.0,55.0,20.0,0.0,0.0,1.5,290.0,1320.0,0.0,32.0,2.0,6.0,37.0,0.0,0.0,0.0,0.0,
2018-10-27,Snacks,1545.0,20.9,2.6,0.1,0.0,0.0,0.0,141.0,614.0,287.0,5.1,17.0,58.3,1.0,17.0,2.0,5.0,
2018-10-28,Breakfast,1332.5,36.5,5.4,0.1,0.0,0.0,0.0,1410.5,307.0,195.5,10.6,8.5,53.2,0.5,8.5,1.0,2.5,
2018-10-28,Dinner,1150.0,77.0,34.0,0.0,0.0,3.0,230.0,2030.0,0.0,30.0,7.0,3.0,75.0,11.0,135.0,4.0,4.0,
2018-10-28,Lunch,420.0,21.0,0.0,0.0,0.0,0.0,0.0,0.0,0.0,44.0,4.5,0.0,20.0,0.0,0.0,0.0,0.0,
2018-10-28,Snacks,380.0,14.0,7.0,0.0,0.0,0.0,0.0,730.0,0.0,54.0,2.0,2.0,8.0,0.0,0.0,0.0,16.0,
2018-10-29,Breakfast,1235.0,60.0,19.0,3.2,6.0,0.0,660.0,807.0,1219.0,103.0,9.1,62.0,39.8,19.0,226.0,92.0,24.0,
2018-10-29,Dinner,686.7,30.7,16.0,0.0,0.0,0.7,146.7,1080.1,0.0,69.3,4.0,2.7,34.0,0.0,0.0,0.0,0.0,
2018-10-29,Lunch,520.0,14.0,3.0,0.0,0.0,0.0,70.0,1200.0,0.0,78.0,4.0,8.0,24.0,4.0,40.0,4.0,12.0,
2018-10-29,Snacks,1196.3,20.2,2.6,0.1,0.0,0.0,0.0,441.0,614.0,216.5,5.1,17.0,42.6,1.0,17.0,2.0,11.0,
2018-10-30,Breakfast,560.0,26.0,13.0,3.0,6.0,0.0,660.0,240.0,240.0,0.0,0.0,0.0,41.0,18.0,0.0,12.0,18.0,
2018-10-30,Dinner,932.5,40.6,14.2,0.0,0.0,1.0,80.0,1516.3,0.0,106.0,8.4,14.0,33.5,12.0,13.1,41.8,35.3,
2018-10-30,Lunch,520.0,14.0,3.0,0.0,0.0,0.0,70.0,1200.0,0.0,78.0,4.0,8.0,24.0,4.0,40.0,4.0,12.0,
2018-10-30,Snacks,1256.3,35.2,3.6,4.1,10.0,0.0,0.0,261.0,828.0,198.5,8.1,18.0,45.6,1.0,17.0,8.0,11.0,
2018-10-31,Breakfast,1011.0,58.5,7.1,7.2,16.0,0.0,630.0,363.0,761.8,68.7,4.3,23.3,28.3,33.2,22.0,20.1,27.1,
2018-10-31,Dinner,880.0,45.0,7.7,0.0,0.0,0.0,113.3,1500.0,0.0,69.3,5.3,2.7,49.0,2.7,15.0,7.3,16.7,
2018-10-31,Lunch,190.0,16.0,10.0,0.0,0.0,0.0,20.0,90.0,0.0,0.0,2.8,0.0,14.0,9.0,5.0,21.0,27.0,
2018-10-31,Snacks,100.0,3.0,0.0,0.0,0.0,0.0,0.0,0.0,0.0,22.0,1.0,10.0,0.0,0.0,0.0,0.0,0.0,
2018-11-01,Breakfast,1142.0,30.2,8.0,4.1,10.0,0.0,0.0,850.0,286.0,63.6,5.8,5.4,14.4,0.0,44.0,6.0,22.0,
2018-11-01,Dinner,385.0,17.0,10.0,0.0,0.0,0.0,300.0,630.0,0.0,49.0,1.0,6.0,9.0,10.0,0.0,10.0,10.0,
2018-11-01,Snacks,1646.3,40.2,7.6,1.1,3.5,0.0,20.0,791.0,657.0,276.5,12.1,42.0,48.6,1.0,17.0,4.0,19.0,
2018-11-02,Breakfast,793.0,34.0,15.3,3.4,11.3,0.8,671.7,1044.9,668.0,82.1,14.3,36.4,38.4,24.8,11.2,33.9,35.5,
2018-11-02,Lunch,756.0,29.0,3.0,0.0,0.0,0.0,20.0,240.0,0.0,109.0,3.0,22.0,25.0,0.0,0.0,2.0,10.0,
2018-11-02,Snacks,1647.6,74.4,41.5,4.6,22.1,0.0,293.4,1050.2,1426.1,199.9,10.0,158.2,55.2,78.6,15.8,191.5,23.9,
2018-11-03,Breakfast,310.0,12.0,6.0,0.0,0.0,0.0,30.0,550.0,180.0,35.0,2.0,3.0,16.0,0.0,0.0,300.0,2.5,
2018-11-03,Dinner,210.0,4.0,2.0,0.0,0.0,0.0,5.0,530.0,0.0,37.0,1.0,5.0,6.0,0.0,0.0,20.0,10.0,
2018-11-03,Lunch,990.0,39.0,11.5,6.0,8.5,0.5,150.0,2380.0,315.0,114.0,7.0,14.0,49.0,8.0,42.0,14.0,32.0,
2018-11-03,Snacks,1586.3,45.2,13.6,0.1,0.0,0.0,45.0,761.0,614.0,245.5,6.1,50.0,54.6,15.0,17.0,17.0,17.0,
2018-11-04,Breakfast,310.0,12.0,6.0,0.0,0.0,0.0,30.0,550.0,180.0,35.0,2.0,3.0,16.0,0.0,0.0,300.0,2.5,
2018-11-04,Dinner,1729.0,69.4,16.4,5.2,8.8,0.0,296.0,3557.0,0.0,165.0,9.0,6.0,110.1,6.0,0.0,17.0,28.0,
2018-11-04,Snacks,1326.3,24.2,4.1,1.1,2.0,0.0,0.0,281.0,824.0,237.5,9.1,38.0,48.6,11.0,27.0,22.0,20.0,
2018-11-05,Breakfast,840.0,49.0,12.0,3.0,6.0,0.0,630.0,780.0,724.0,64.0,7.0,29.0,39.0,18.0,0.0,90.0,21.0,
2018-11-05,Dinner,603.0,7.5,3.1,2.1,3.8,0.0,64.0,69.0,430.0,83.4,9.8,3.2,55.5,3.0,20.0,5.0,6.0,
2018-11-05,Lunch,220.0,7.0,2.5,0.0,0.0,0.0,10.0,690.0,0.0,30.0,1.0,3.0,7.0,0.0,0.0,10.0,10.0,
2018-11-05,Snacks,1636.3,37.7,10.1,1.1,2.0,0.0,40.0,791.0,1084.0,268.5,19.1,64.0,65.6,32.0,27.0,52.0,26.0,
2018-11-06,Breakfast,670.0,23.0,10.0,0.0,0.0,0.0,20.0,970.0,0.0,101.0,5.0,24.0,13.0,0.0,0.0,2.0,26.0,
2018-11-06,Dinner,1520.0,48.0,16.0,0.0,0.0,1.0,426.0,2388.0,0.0,174.0,22.0,24.0,106.0,12.0,0.0,40.0,30.0,
2018-11-06,Snacks,1545.0,20.9,2.6,0.1,0.0,0.0,0.0,141.0,614.0,287.0,5.1,17.0,58.3,1.0,17.0,2.0,5.0,
2018-11-07,Breakfast,789.0,15.0,6.0,3.0,6.0,0.0,630.0,250.0,240.0,17.0,1.0,17.0,22.0,24.0,35.0,14.0,22.0,
2018-11-07,Dinner,740.0,40.0,14.0,0.0,0.0,0.0,70.0,1820.0,0.0,72.0,4.0,6.0,32.0,0.0,0.0,0.0,0.0,
2018-11-07,Lunch,902.0,35.4,10.3,0.0,0.0,0.0,112.0,2030.0,43.0,107.8,6.4,10.8,41.4,10.4,44.0,19.4,19.2,
2018-11-08,Breakfast,1226.0,22.0,10.0,0.0,0.0,0.0,15.0,950.0,0.0,102.0,5.0,25.0,13.0,0.0,0.0,2.0,26.0,
2018-11-08,Dinner,1041.0,49.1,16.3,0.0,0.0,0.0,75.6,1335.0,0.0,105.8,10.9,4.2,49.0,0.0,0.0,0.0,0.0,
2018-11-08,Lunch,410.0,10.0,2.0,0.0,0.0,0.0,110.0,856.0,248.0,58.0,1.0,5.0,23.0,0.0,14.0,24.0,15.0,
2018-11-08,Snacks,130.0,1.5,1.0,0.0,0.0,0.0,5.0,80.0,260.0,26.0,10.0,25.0,5.0,15.0,0.0,15.0,0.0,
2018-11-09,Breakfast,759.0,29.2,11.3,3.5,10.3,0.8,671.7,984.9,740.0,83.7,16.1,43.8,37.8,26.8,100.2,33.9,33.5,
2018-11-09,Dinner,600.0,24.0,12.0,0.0,0.0,1.0,80.0,1280.0,0.0,64.0,4.0,14.0,30.0,12.0,0.0,40.0,30.0,
2018-11-09,Lunch,900.0,49.0,27.0,0.0,0.0,2.0,155.0,2690.0,0.0,86.0,7.0,9.0,35.0,35.0,4.0,27.0,14.0,
2018-11-10,Breakfast,794.0,51.2,15.0,1.0,3.0,0.0,186.0,1000.0,503.0,67.0,4.9,22.0,22.0,0.0,0.0,0.0,2.0,
2018-11-10,Dinner,368.0,7.7,1.4,0.0,0.0,0.0,34.0,296.0,345.0,51.0,3.6,5.0,23.5,628.0,33.0,49.0,3.0,
2018-11-10,Lunch,378.0,16.8,0.0,0.0,0.0,0.0,0.0,0.0,0.0,44.3,0.0,0.0,12.1,0.0,0.0,0.0,0.0,
2018-11-11,Breakfast,1037.0,45.2,18.5,3.8,5.1,0.0,220.0,2171.0,797.0,81.3,18.7,4.6,89.9,25.0,20.0,8.0,27.0,
2018-11-11,Dinner,603.0,22.8,8.0,0.3,0.0,0.0,0.0,168.0,630.0,71.0,12.2,1.0,32.4,6.0,60.0,14.0,13.0,
2018-11-11,Snacks,1545.0,20.9,2.6,0.1,0.0,0.0,0.0,141.0,614.0,287.0,5.1,17.0,58.3,1.0,17.0,2.0,5.0,
2018-11-12,Breakfast,400.0,0.0,0.0,0.0,0.0,0.0,0.0,0.0,0.0,0.0,0.0,0.0,0.0,0.0,0.0,0.0,0.0,
2018-11-12,Dinner,1100.0,39.0,15.0,0.0,0.0,0.0,200.0,2400.0,0.0,60.0,5.0,5.0,85.0,100.0,50.0,30.0,50.0,
2018-11-12,Snacks,1745.0,25.9,2.6,0.1,0.0,0.0,0.0,281.0,894.0,320.0,15.1,27.0,67.3,1.0,17.0,2.0,13.0,
2018-11-13,Breakfast,901.6,49.3,12.1,3.1,6.0,0.0,630.0,781.8,899.7,79.8,7.8,44.0,39.6,19.8,6.1,91.3,22.5,
2018-11-13,Dinner,706.0,22.8,7.8,0.0,0.0,0.0,175.0,710.0,0.0,59.9,7.3,7.1,77.8,11.0,135.0,10.0,16.0,
2018-11-13,Lunch,939.4,36.4,18.2,0.0,0.0,0.0,90.9,1666.7,545.5,106.1,6.1,9.1,48.5,0.0,0.0,909.1,7.6,
2018-11-13,Snacks,1545.0,20.9,2.6,0.1,0.0,0.0,0.0,141.0,614.0,287.0,5.1,17.0,58.3,1.0,17.0,2.0,5.0,
2018-11-14,Breakfast,819.0,26.0,13.0,3.0,6.0,0.0,660.0,240.0,240.0,0.0,0.0,0.0,21.0,18.0,0.0,12.0,18.0,
2018-11-14,Dinner,510.0,28.0,0.0,0.0,0.0,0.0,60.0,1030.0,0.0,38.0,0.0,0.0,20.0,0.0,0.0,0.0,0.0,
2018-11-14,Lunch,822.0,31.8,15.9,0.0,0.0,0.0,79.5,1458.3,477.3,92.8,5.3,8.0,42.4,0.0,0.0,795.5,6.6,
2018-11-14,Snacks,1250.0,4.5,0.0,0.0,0.0,0.0,0.0,0.0,0.0,252.0,0.0,0.0,50.0,0.0,0.0,0.0,0.0,
2018-11-15,Breakfast,800.0,15.0,4.2,1.8,5.1,0.0,558.3,184.8,177.0,1.8,0.0,0.9,18.0,0.0,0.0,0.0,0.0,
2018-11-15,Dinner,1709.7,146.5,93.1,4.6,41.2,0.0,442.7,2518.8,366.4,4.6,0.0,1.5,96.2,76.3,0.0,274.8,0.0,
2018-11-15,Snacks,1757.5,21.6,4.6,0.9,1.6,0.0,18.1,666.3,44.9,331.5,4.6,24.6,59.5,1.3,0.0,4.5,15.8,
2018-11-16,Breakfast,758.4,27.2,8.8,3.5,10.3,0.8,41.7,1216.1,830.1,107.0,7.8,36.7,27.1,29.2,29.1,42.7,36.1,
2018-11-16,Dinner,1084.4,68.5,23.7,8.1,27.0,0.0,250.3,3137.3,2031.8,82.5,2.0,2.0,95.0,70.1,18.2,88.6,40.0,
2018-11-16,Lunch,366.4,31.4,20.0,1.0,8.8,0.0,94.9,539.7,78.5,1.0,0.0,0.3,20.6,16.4,0.0,58.9,0.0,
2018-11-16,Snacks,1250.0,4.5,0.0,0.0,0.0,0.0,0.0,0.0,0.0,252.0,0.0,0.0,50.0,0.0,0.0,0.0,0.0,
2018-11-17,Breakfast,473.3,12.8,2.4,5.9,0.0,0.0,90.7,912.0,238.1,72.8,1.9,0.7,14.5,11.9,2.4,7.5,23.7,
2018-11-17,Dinner,1430.0,89.4,19.5,5.5,0.0,0.0,125.6,2069.0,322.3,42.9,6.6,3.5,41.2,0.0,0.0,5.1,16.2,
2018-11-17,Snacks,1676.0,16.3,2.5,0.0,0.0,0.0,5.0,115.0,0.0,326.9,2.0,12.0,54.6,0.0,0.0,0.0,6.0,
2018-11-18,Breakfast,856.3,53.3,24.1,1.8,5.1,0.0,693.3,1272.3,177.0,54.6,4.3,3.0,39.7,0.0,56.3,0.0,3.8,
2018-11-18,Dinner,470.0,14.0,6.0,0.0,0.0,0.0,80.0,970.0,0.0,53.0,2.0,3.0,30.0,4.0,2.0,6.0,25.0,
2018-11-18,Lunch,380.0,14.0,7.0,0.0,0.0,0.0,0.0,730.0,0.0,54.0,2.0,2.0,8.0,0.0,0.0,0.0,16.0,
2018-11-18,Snacks,1545.0,20.9,2.6,0.1,0.0,0.0,0.0,141.0,614.0,287.0,5.1,17.0,58.3,1.0,17.0,2.0,5.0,
2018-11-19,Breakfast,1431.5,84.9,29.0,4.4,13.5,0.3,655.5,2108.2,992.5,105.3,10.2,35.2,64.1,7.5,0.3,121.3,22.8,
2018-11-19,Dinner,510.0,9.6,4.5,0.0,0.0,0.0,40.0,720.0,0.0,101.0,3.0,4.0,23.0,25.0,90.0,4.0,20.0,
2018-11-19,Snacks,200.0,10.0,0.0,0.0,0.0,0.0,0.0,0.0,0.0,26.0,0.0,16.0,2.0,0.0,0.0,0.0,0.0,
2018-11-20,Breakfast,720.0,19.0,7.5,1.0,2.0,0.0,80.0,1110.0,210.0,98.0,6.0,24.0,39.0,14.0,12.0,26.0,40.0,
2018-11-20,Dinner,360.0,20.1,1.5,0.5,1.5,1.3,61.2,176.7,675.3,12.1,2.9,2.9,30.1,16.1,25.1,20.7,17.2,
2018-11-20,Lunch,580.0,30.1,2.3,0.7,2.2,2.0,91.8,265.0,1012.9,28.2,5.3,12.4,46.2,24.2,107.6,33.0,25.8,
2018-11-20,Snacks,1545.0,20.9,2.6,0.1,0.0,0.0,0.0,141.0,614.0,287.0,5.1,17.0,58.3,1.0,17.0,2.0,5.0,
2018-11-21,Breakfast,312.0,20.0,5.6,2.4,6.8,0.0,744.4,246.4,236.0,2.4,0.0,1.2,24.0,0.0,0.0,0.0,0.0,
2018-11-21,Dinner,352.0,11.0,9.6,0.0,0.0,0.0,0.0,1773.8,0.0,56.4,0.0,4.1,6.9,0.0,0.0,0.0,0.0,
2018-11-21,Lunch,939.4,36.4,18.2,0.0,0.0,0.0,90.9,1666.7,545.5,106.1,6.1,9.1,48.5,0.0,0.0,909.1,7.6,
2018-11-21,Snacks,1545.0,20.9,2.6,0.1,0.0,0.0,0.0,141.0,614.0,287.0,5.1,17.0,58.3,1.0,17.0,2.0,5.0,
2018-11-22,Breakfast,2780.0,108.0,3.0,0.0,0.0,0.0,15.0,220.0,0.0,358.0,3.0,23.0,63.0,0.0,0.0,2.0,10.0,
2018-11-22,Snacks,416.6,1.5,0.0,0.0,0.0,0.0,0.0,0.0,0.0,84.0,0.0,0.0,16.7,0.0,0.0,0.0,0.0,
2018-11-23,Breakfast,250.0,5.0,1.3,1.3,1.3,0.0,0.0,350.0,450.0,50.0,7.5,2.5,7.5,25.0,25.0,25.0,112.5,
2018-11-23,Dinner,405.0,22.6,1.7,0.5,1.7,1.5,68.9,198.8,759.7,13.6,3.2,3.3,33.9,18.2,28.2,23.3,19.4,
2018-11-23,Lunch,931.5,45.0,16.5,0.0,0.0,0.0,202.5,1021.5,0.0,55.5,1.5,9.0,70.5,0.0,0.0,0.0,0.0,
2018-11-23,Snacks,1068.0,21.9,3.0,3.4,9.0,0.0,35.0,638.0,292.0,184.0,4.4,35.3,33.0,111.0,0.0,98.0,10.0,
2018-11-24,Breakfast,312.0,20.0,5.6,2.4,6.8,0.0,744.4,246.4,236.0,2.4,0.0,1.2,24.0,0.0,0.0,0.0,0.0,
2018-11-24,Dinner,1243.6,58.3,12.8,20.6,18.3,0.5,375.4,1530.3,2038.7,53.8,10.0,22.9,125.1,181.8,180.4,27.7,61.0,
2018-11-24,Lunch,963.0,12.6,0.0,0.0,0.0,0.0,0.0,0.0,0.0,67.2,8.4,4.2,29.4,0.0,0.0,0.0,0.0,
2018-11-24,Snacks,867.5,49.0,13.1,14.5,13.3,1.0,95.0,1360.0,1030.0,74.0,5.8,5.0,31.8,10.0,17.5,11.5,21.0,
2018-11-25,Breakfast,250.0,5.0,1.3,1.3,1.3,0.0,0.0,350.0,450.0,50.0,7.5,2.5,7.5,25.0,25.0,25.0,112.5,
2018-11-25,Dinner,378.0,16.8,0.0,0.0,0.0,0.0,0.0,0.0,0.0,44.3,0.0,0.0,12.1,0.0,0.0,0.0,0.0,
2018-11-25,Lunch,510.0,30.0,10.5,0.0,0.0,1.5,75.0,930.0,0.0,36.0,9.0,3.0,24.0,12.0,6.0,18.0,18.0,
2018-11-25,Snacks,1545.0,20.9,2.6,0.1,0.0,0.0,0.0,141.0,614.0,287.0,5.1,17.0,58.3,1.0,17.0,2.0,5.0,
2018-11-26,Breakfast,313.1,12.1,6.1,0.0,0.0,0.0,30.3,555.5,181.8,35.3,2.0,3.0,16.2,0.0,0.0,303.0,2.5,
2018-11-26,Dinner,913.3,16.7,7.0,0.0,0.0,0.0,0.0,2890.0,306.7,163.3,4.7,4.7,21.3,0.0,0.0,5.3,56.0,
2018-11-26,Lunch,497.3,11.7,5.8,0.7,3.3,0.0,68.0,557.3,144.2,76.1,3.1,1.5,21.9,4.6,0.0,24.6,13.5,
2018-11-27,Breakfast,713.0,15.0,4.2,1.8,5.1,0.0,558.3,184.8,177.0,1.8,0.0,0.9,18.0,0.0,0.0,0.0,0.0,
2018-11-27,Dinner,560.0,22.0,7.0,0.0,0.0,0.0,70.0,1980.0,0.0,68.0,2.0,4.0,22.0,20.0,0.0,4.0,4.0,
2018-11-27,Lunch,398.2,15.6,3.2,2.7,8.0,0.0,88.9,346.5,610.8,39.4,3.4,4.6,23.9,166.4,9.3,7.4,16.0,
2018-11-27,Snacks,1865.0,32.9,7.6,0.1,0.0,0.0,20.0,351.0,614.0,337.0,5.1,49.0,60.3,9.0,17.0,2.0,13.0,
2018-11-28,Breakfast,334.0,26.0,11.2,1.8,5.1,0.0,588.3,184.8,177.0,1.8,0.0,0.9,18.0,0.0,0.0,0.0,0.0,
2018-11-28,Dinner,941.3,39.4,11.9,0.0,0.0,0.0,150.6,1803.8,0.0,85.6,0.6,10.0,53.1,0.0,0.0,0.0,0.0,
2018-11-28,Lunch,1004.5,39.3,19.6,0.0,0.0,0.5,108.2,1890.0,409.1,111.5,6.5,13.8,51.4,6.0,0.0,701.8,20.7,
2018-11-28,Snacks,1545.0,20.9,2.6,0.1,0.0,0.0,0.0,141.0,614.0,287.0,5.1,17.0,58.3,1.0,17.0,2.0,5.0,
2018-11-29,Breakfast,334.0,26.0,11.2,1.8,5.1,0.0,588.3,184.8,177.0,1.8,0.0,0.9,18.0,0.0,0.0,0.0,0.0,
2018-11-29,Dinner,330.0,17.0,7.0,0.0,0.0,0.5,50.0,800.0,0.0,24.0,3.0,5.0,21.0,2.0,0.0,8.0,15.0,
2018-11-29,Lunch,636.0,0.0,0.0,0.0,0.0,0.0,0.0,10.0,0.0,17.0,1.0,17.0,1.0,6.0,35.0,2.0,4.0,
2018-11-29,Snacks,1925.0,34.9,9.6,0.1,0.0,0.0,0.0,871.0,614.0,341.0,7.1,19.0,66.3,1.0,17.0,2.0,21.0,
2018-11-30,Breakfast,434.0,37.0,18.2,1.8,5.1,0.0,618.3,184.8,177.0,1.8,0.0,0.9,18.0,0.0,0.0,0.0,0.0,
2018-11-30,Dinner,1400.0,78.0,17.5,0.0,0.0,1.0,140.0,2140.0,0.0,124.0,10.0,9.0,51.0,4.0,21.0,29.0,37.0,
2018-11-30,Lunch,417.5,17.5,7.8,1.0,2.0,0.6,45.0,885.0,125.0,46.0,3.3,8.4,17.9,6.8,1.0,23.5,18.9,
2018-12-01,Breakfast,807.3,30.2,13.4,5.0,10.5,0.0,709.4,1762.5,1695.7,63.1,12.4,9.9,59.0,45.6,146.5,41.3,44.7,
2018-12-01,Dinner,1010.0,55.0,13.5,0.0,0.0,1.0,75.0,480.0,0.0,100.0,4.0,11.0,32.0,0.0,0.0,0.0,0.0,
2018-12-01,Snacks,1825.0,20.9,2.6,0.1,0.0,0.0,0.0,166.0,894.0,360.0,5.1,88.0,58.3,1.0,137.0,2.0,7.0,
2018-12-02,Breakfast,380.0,14.0,7.0,0.0,0.0,0.0,0.0,730.0,0.0,54.0,2.0,2.0,8.0,0.0,0.0,0.0,16.0,
2018-12-02,Lunch,1852.2,114.1,19.1,3.3,3.0,0.0,340.0,3882.9,259.6,125.3,9.4,6.1,81.6,206.1,105.0,3.4,5.2,
2018-12-02,Snacks,330.0,16.0,8.0,0.0,0.0,0.0,30.0,420.0,400.0,45.0,3.0,32.0,5.0,15.0,4.0,10.0,20.0,
2018-12-03,Breakfast,340.0,26.0,13.0,3.0,6.0,0.0,660.0,240.0,240.0,0.0,0.0,0.0,21.0,18.0,0.0,12.0,18.0,
2018-12-03,Lunch,733.0,34.0,6.0,0.0,0.0,0.0,0.0,540.0,484.0,64.0,7.0,29.0,18.0,0.0,0.0,78.0,3.0,
2018-12-03,Snacks,2143.4,78.8,36.8,10.4,0.0,0.0,97.6,3417.4,580.5,280.6,9.8,73.3,76.9,12.7,10.0,911.8,52.6,
2018-12-04,Breakfast,350.0,7.0,2.5,1.5,2.0,0.0,210.0,540.0,80.0,52.0,2.0,7.0,17.0,6.0,0.0,14.0,21.0,
2018-12-04,Lunch,1893.0,70.7,17.4,11.9,1.5,0.0,119.0,4338.0,675.0,224.4,11.0,17.2,90.3,15.0,15.0,9.0,12.0,
2018-12-04,Snacks,1545.0,20.9,2.6,0.1,0.0,0.0,0.0,141.0,614.0,287.0,5.1,17.0,58.3,1.0,17.0,2.0,5.0,
2018-12-05,Breakfast,350.0,0.0,0.0,0.0,0.0,0.0,0.0,0.0,0.0,0.0,0.0,0.0,0.0,0.0,0.0,0.0,0.0,
2018-12-05,Lunch,1553.5,68.3,20.8,0.0,0.0,0.0,104.0,3144.0,0.0,126.1,7.0,2.0,52.4,0.0,0.0,0.0,16.0,
2018-12-05,Snacks,1545.0,20.9,2.6,0.1,0.0,0.0,0.0,141.0,614.0,287.0,5.1,17.0,58.3,1.0,17.0,2.0,5.0,
2018-12-06,Breakfast,334.0,26.0,11.2,1.8,5.1,0.0,588.3,184.8,177.0,1.8,0.0,0.9,18.0,0.0,0.0,0.0,0.0,
2018-12-06,Dinner,373.8,9.0,3.0,0.0,0.0,0.0,60.7,1025.0,0.0,47.3,1.1,1.1,28.6,0.0,4.5,0.0,16.9,
2018-12-06,Lunch,1312.7,78.6,44.9,5.2,23.8,0.0,251.7,1693.5,367.0,62.0,1.2,25.7,60.0,73.7,20.0,163.8,27.0,
2018-12-06,Snacks,1387.2,6.3,0.9,0.0,0.0,0.0,9.0,242.5,35.0,280.4,0.1,14.6,51.8,0.0,0.2,1.9,3.7,
2018-12-07,Breakfast,270.0,2.0,0.5,0.5,0.0,0.0,0.0,460.0,0.0,52.0,2.0,7.0,10.0,0.0,0.0,10.0,15.0,
2018-12-07,Dinner,1130.0,60.0,11.5,0.0,0.0,0.0,65.0,2090.0,0.0,111.0,6.0,11.0,36.0,0.0,0.0,0.0,0.0,
2018-12-07,Lunch,653.0,21.0,7.7,1.4,7.3,0.8,41.7,1344.9,348.0,95.1,3.3,39.4,19.4,55.8,21.2,109.9,39.5,
2018-12-08,Breakfast,740.0,67.0,32.0,6.0,14.0,0.0,860.0,920.0,440.0,3.6,0.0,2.0,35.2,24.0,0.0,8.0,20.0,
2018-12-08,Dinner,843.0,44.0,10.3,0.4,4.3,0.8,106.7,1644.9,238.0,77.1,3.3,7.4,37.4,5.8,5.2,21.9,21.5,
2018-12-08,Lunch,250.0,5.0,0.0,0.0,0.0,0.0,25.0,750.0,0.0,40.0,5.0,5.0,15.0,0.0,0.0,0.0,0.0,
2018-12-09,Breakfast,720.0,21.0,9.4,1.0,3.0,0.0,0.0,1330.0,110.0,116.0,4.0,34.0,12.0,50.0,20.0,90.0,40.0,
2018-12-09,Dinner,460.0,12.0,2.0,0.0,0.0,0.0,173.0,554.0,0.0,55.0,9.0,5.0,38.0,0.0,0.0,0.0,0.0,
2018-12-09,Lunch,457.2,16.8,6.9,0.0,0.0,0.0,39.0,1002.5,35.0,62.4,2.1,17.6,12.8,6.0,0.2,21.9,18.7,
2018-12-09,Snacks,1545.0,20.9,2.6,0.1,0.0,0.0,0.0,141.0,614.0,287.0,5.1,17.0,58.3,1.0,17.0,2.0,5.0,
2018-12-10,Breakfast,334.0,26.0,11.2,1.8,5.1,0.0,588.3,184.8,177.0,1.8,0.0,0.9,18.0,0.0,0.0,0.0,0.0,
2018-12-10,Dinner,310.0,4.0,2.0,0.0,0.0,0.0,10.0,530.0,0.0,41.0,2.0,1.0,9.0,15.0,4.0,15.0,10.0,
2018-12-10,Lunch,936.4,27.2,5.6,4.8,14.0,0.1,155.6,606.4,1069.0,68.9,6.0,8.0,41.9,291.1,16.3,12.9,28.0,
2018-12-10,Snacks,1513.3,11.1,1.2,1.2,3.5,0.0,0.0,123.7,351.4,301.6,4.7,31.9,53.2,3.7,12.3,2.6,5.0,
2018-12-11,Breakfast,334.0,26.0,11.2,1.8,5.1,0.0,588.3,184.8,177.0,1.8,0.0,0.9,18.0,0.0,0.0,0.0,0.0,
2018-12-11,Dinner,900.0,21.0,4.0,0.0,0.0,0.0,0.0,140.0,0.0,60.0,6.0,0.0,5.0,0.0,0.0,2.0,8.0,
2018-12-11,Lunch,1350.0,58.0,18.0,13.5,6.3,0.3,57.0,1860.0,484.0,157.0,10.0,38.0,54.0,24.0,18.0,138.0,30.0,
2018-12-11,Snacks,765.0,8.3,1.0,1.0,3.5,0.0,0.0,120.0,0.0,144.0,3.0,2.0,27.0,0.0,0.0,0.0,2.0,
2018-12-12,Breakfast,321.5,18.1,4.8,2.7,6.7,0.0,561.4,341.1,178.9,14.3,0.6,1.5,20.5,1.3,0.0,2.5,3.8,
2018-12-12,Dinner,460.0,10.0,4.0,0.0,0.0,0.0,138.0,460.0,0.0,34.0,8.0,4.0,54.0,0.0,170.0,4.0,48.0,
2018-12-12,Lunch,889.3,13.0,3.0,0.0,0.0,0.0,40.0,970.0,0.0,88.0,8.0,28.0,20.0,0.0,0.0,2.0,10.0,
2018-12-12,Snacks,965.0,9.3,2.4,1.0,3.0,0.0,0.0,600.0,110.0,188.0,2.0,32.0,29.0,50.0,20.0,90.0,24.0,
2018-12-13,Breakfast,670.0,23.0,10.0,0.0,0.0,0.0,20.0,970.0,0.0,101.0,5.0,24.0,13.0,0.0,0.0,2.0,26.0,
2018-12-13,Dinner,470.0,14.0,6.0,0.0,0.0,0.0,80.0,970.0,0.0,53.0,2.0,3.0,30.0,4.0,2.0,6.0,25.0,
2018-12-13,Lunch,880.0,9.0,7.9,0.0,0.0,0.0,0.0,1451.3,0.0,46.1,0.0,3.4,5.6,0.0,0.0,0.0,0.0,
2018-12-13,Snacks,710.6,16.4,6.0,0.0,0.0,0.0,30.0,760.0,0.0,112.8,2.0,3.0,26.6,6.0,0.0,20.0,15.0,
2018-12-14,Breakfast,690.0,24.0,11.3,0.0,0.0,0.6,105.0,1447.5,0.0,75.8,3.8,10.2,39.4,9.8,1.5,27.0,35.7,
2018-12-14,Dinner,525.0,8.0,4.3,0.0,0.0,0.0,40.0,1830.0,0.0,87.5,4.0,19.0,24.0,80.0,4.0,9.0,26.0,
2018-12-14,Lunch,380.0,8.0,2.0,0.0,0.0,0.0,10.0,500.0,70.0,71.3,3.3,22.7,6.0,21.3,21.3,2.7,54.0,
2018-12-14,Snacks,380.0,14.0,7.0,0.0,0.0,0.0,0.0,730.0,0.0,54.0,2.0,2.0,8.0,0.0,0.0,0.0,16.0,
2018-12-15,Breakfast,480.0,13.0,6.8,1.1,2.6,0.0,3.8,782.5,0.0,80.0,3.5,15.3,12.3,0.0,0.0,0.0,7.5,
2018-12-15,Dinner,880.0,41.0,22.5,1.0,1.0,0.0,0.0,1680.0,150.0,130.0,5.0,7.0,36.0,0.0,0.0,0.0,0.0,
2018-12-15,Lunch,934.0,54.3,13.8,0.0,0.0,0.0,104.0,2414.0,0.0,72.1,5.0,0.0,44.4,0.0,0.0,0.0,0.0,
2018-12-15,Snacks,190.0,11.0,4.5,0.5,6.0,0.0,55.0,70.0,250.0,0.0,0.0,0.0,23.0,0.0,0.0,0.0,14.0,
2018-12-16,Breakfast,275.0,0.0,0.0,0.0,0.0,0.0,0.0,350.0,87.5,67.5,2.5,27.5,2.5,25.0,25.0,0.0,62.5,
2018-12-16,Dinner,1324.5,45.3,19.6,0.0,0.0,0.0,168.2,1950.0,409.1,149.5,4.5,6.8,88.4,0.0,0.0,681.8,21.7,
2018-12-16,Lunch,210.0,18.0,7.0,0.0,0.0,0.0,25.0,600.0,0.0,9.0,1.0,0.0,4.0,0.0,10.0,2.0,6.0,
2018-12-16,Snacks,1545.0,20.9,2.6,0.1,0.0,0.0,0.0,141.0,614.0,287.0,5.1,17.0,58.3,1.0,17.0,2.0,5.0,
2018-12-17,Breakfast,529.5,9.0,2.5,0.0,0.0,0.0,15.0,240.0,0.0,48.0,3.0,22.0,5.0,0.0,0.0,2.0,10.0,
2018-12-17,Dinner,1147.0,50.0,18.0,0.0,0.0,0.5,105.0,1643.0,0.0,146.0,5.0,60.0,33.0,0.0,0.0,0.0,0.0,
2018-12-17,Lunch,380.0,14.0,7.0,0.0,0.0,0.0,0.0,730.0,0.0,54.0,2.0,2.0,8.0,0.0,0.0,0.0,16.0,
2018-12-17,Snacks,1250.0,4.5,0.0,0.0,0.0,0.0,0.0,0.0,0.0,252.0,0.0,0.0,50.0,0.0,0.0,0.0,0.0,
2018-12-18,Breakfast,300.0,12.0,5.0,0.0,0.0,0.0,260.0,780.0,0.0,30.0,2.0,3.0,18.0,10.0,0.0,30.0,15.0,
2018-12-18,Dinner,470.0,30.0,5.0,0.0,0.0,0.0,65.0,900.0,0.0,30.0,2.0,0.0,22.0,0.0,4.0,2.0,6.0,
2018-12-18,Lunch,980.0,26.0,10.0,0.0,0.0,0.0,80.0,2380.0,0.0,138.0,10.0,14.0,48.0,0.0,0.0,0.0,20.0,
2018-12-18,Snacks,1620.0,20.5,7.0,0.0,0.0,0.0,20.0,300.0,20.0,308.0,2.0,41.0,54.0,4.0,2.0,4.0,16.0,
2018-12-19,Breakfast,334.0,26.0,11.2,1.8,5.1,0.0,588.3,184.8,177.0,1.8,0.0,0.9,18.0,0.0,0.0,0.0,0.0,
2018-12-19,Dinner,580.0,29.6,14.4,0.0,0.0,0.0,100.6,1855.0,190.0,49.5,6.5,6.4,31.9,0.0,6.0,0.0,10.0,
2018-12-19,Lunch,1192.5,56.3,9.0,0.0,0.0,0.0,86.3,2377.5,0.0,129.0,8.3,15.3,45.8,0.0,0.0,10.0,15.0,
2018-12-19,Snacks,1250.0,4.5,0.0,0.0,0.0,0.0,0.0,0.0,0.0,252.0,0.0,0.0,50.0,0.0,0.0,0.0,0.0,
2018-12-20,Breakfast,270.0,2.0,0.5,0.5,0.0,0.0,0.0,460.0,0.0,52.0,2.0,7.0,10.0,0.0,0.0,10.0,15.0,
2018-12-20,Dinner,2576.0,62.5,21.2,2.3,8.4,0.0,103.9,2971.9,1130.9,404.2,11.8,21.7,102.7,26.2,26.5,31.7,46.3,
2018-12-20,Lunch,250.0,20.0,17.0,0.0,0.0,0.0,15.0,200.0,100.0,36.0,5.0,4.0,19.0,24.0,0.0,7.0,8.0,
2018-12-20,Snacks,120.0,0.0,0.0,0.0,0.0,0.0,0.0,25.0,280.0,29.0,0.0,27.0,0.0,0.0,120.0,0.0,2.0,
2018-12-21,Breakfast,500.0,5.4,0.5,1.1,3.0,0.0,0.0,671.0,579.5,110.5,7.6,55.5,5.8,46.0,42.0,90.0,67.5,
2018-12-21,Dinner,280.0,13.0,2.0,0.0,0.0,0.0,0.0,670.0,0.0,26.0,4.0,0.0,12.0,0.0,0.0,0.0,0.0,
2018-12-21,Lunch,1520.0,68.0,26.0,0.0,0.0,3.0,160.0,4340.0,0.0,160.0,8.0,42.0,70.0,0.0,0.0,0.0,0.0,
2018-12-21,Snacks,1250.0,4.5,0.0,0.0,0.0,0.0,0.0,0.0,0.0,252.0,0.0,0.0,50.0,0.0,0.0,0.0,0.0,
2018-12-22,Breakfast,187.5,3.8,0.0,0.0,0.0,0.0,18.8,562.5,0.0,30.0,3.8,3.8,11.3,0.0,0.0,0.0,0.0,
2018-12-22,Dinner,939.4,36.4,18.2,0.0,0.0,0.0,90.9,1666.7,545.5,106.1,6.1,9.1,48.5,0.0,0.0,909.1,7.6,
2018-12-22,Lunch,564.0,20.0,4.0,4.0,4.0,4.0,96.0,516.0,4.0,56.0,4.0,4.0,6.0,20.0,26.0,18.0,4.0,
2018-12-22,Snacks,375.0,0.0,0.0,0.0,0.0,0.0,0.0,0.0,0.0,0.0,0.0,0.0,0.0,0.0,0.0,0.0,0.0,
2018-12-23,Breakfast,564.0,20.0,4.0,4.0,4.0,4.0,96.0,516.0,4.0,56.0,4.0,4.0,6.0,20.0,26.0,18.0,4.0,
2018-12-23,Lunch,702.0,9.9,0.0,0.0,0.0,0.0,9.0,810.0,0.0,123.0,16.5,0.0,27.0,0.0,0.0,0.0,0.0,
2018-12-24,Breakfast,702.0,9.9,0.0,0.0,0.0,0.0,9.0,810.0,0.0,123.0,16.5,0.0,27.0,0.0,0.0,0.0,0.0,
2018-12-24,Dinner,701.0,32.5,9.5,2.2,10.3,0.0,72.0,723.0,187.5,68.8,4.5,11.3,30.5,0.0,70.0,4.0,14.0,
2018-12-24,Lunch,228.0,2.1,0.6,0.9,0.6,0.0,372.0,1239.0,588.0,0.0,0.0,0.0,48.0,0.0,0.0,39.0,6.0,
2018-12-24,Snacks,1545.0,20.9,2.6,0.1,0.0,0.0,0.0,141.0,614.0,287.0,5.1,17.0,58.3,1.0,17.0,2.0,5.0,
2018-12-25,Breakfast,1900.8,93.0,22.8,7.2,18.6,10.8,1272.0,4855.2,1219.8,156.6,6.6,13.8,112.8,39.1,4.0,80.5,96.7,
2018-12-25,Dinner,2417.5,141.6,31.7,5.0,33.1,0.0,624.0,2012.0,738.0,58.0,4.5,5.8,133.3,0.0,0.0,39.0,60.0,
2018-12-25,Snacks,650.0,8.0,4.0,0.0,0.0,0.0,60.0,340.0,0.0,85.0,4.0,6.0,60.0,20.0,35.0,50.0,40.0,
2018-12-26,Breakfast,688.0,8.6,0.0,1.0,1.0,0.0,6.0,960.0,150.0,125.0,13.0,1.0,24.0,0.0,0.0,0.0,0.0,
2018-12-26,Dinner,975.0,35.0,0.0,0.0,0.0,0.0,125.0,1200.0,0.0,90.0,10.0,0.0,75.0,0.0,0.0,0.0,0.0,
2018-12-26,Lunch,927.5,40.0,14.1,0.0,0.0,0.0,185.0,605.0,580.0,61.0,3.5,17.8,88.8,35.0,25.0,70.0,20.0,
2018-12-26,Snacks,585.0,11.0,3.5,1.3,1.3,0.0,85.0,725.0,347.5,87.8,2.5,19.3,33.5,4.0,0.0,20.0,4.0,
2018-12-27,Breakfast,863.0,50.7,21.0,1.6,15.7,0.0,126.0,814.0,0.0,54.0,2.0,2.0,43.0,0.0,0.0,0.0,40.5,
2018-12-27,Dinner,612.0,13.1,3.5,2.0,2.0,0.0,166.0,410.0,315.9,70.0,0.0,0.0,56.6,0.4,0.0,1.6,24.1,
2018-12-27,Snacks,1250.0,4.5,0.0,0.0,0.0,0.0,0.0,0.0,0.0,252.0,0.0,0.0,50.0,0.0,0.0,0.0,0.0,
2018-12-28,Breakfast,400.0,0.0,0.0,0.0,0.0,0.0,0.0,0.0,0.0,0.0,0.0,0.0,0.0,0.0,0.0,0.0,0.0,
2018-12-28,Dinner,1287.0,46.1,1.0,1.3,0.0,0.0,70.0,182.0,215.3,158.1,9.0,0.0,71.7,2.1,0.2,1.3,21.0,
2018-12-28,Snacks,1545.0,20.9,2.6,0.1,0.0,0.0,0.0,141.0,614.0,287.0,5.1,17.0,58.3,1.0,17.0,2.0,5.0,
2018-12-29,Breakfast,649.0,15.0,0.0,0.0,0.0,0.0,0.0,1018.0,87.5,114.5,2.5,27.5,13.5,25.0,25.0,0.0,62.5,
2018-12-29,Dinner,1190.0,86.0,27.0,0.0,0.0,2.0,350.0,1890.0,0.0,48.0,2.0,11.0,54.0,0.0,0.0,0.0,0.0,
2018-12-29,Snacks,1545.0,20.9,2.6,0.1,0.0,0.0,0.0,141.0,614.0,287.0,5.1,17.0,58.3,1.0,17.0,2.0,5.0,
2018-12-30,Breakfast,300.0,0.0,0.0,0.0,0.0,0.0,0.0,0.0,0.0,0.0,0.0,0.0,0.0,0.0,0.0,0.0,0.0,
2018-12-30,Dinner,1680.0,84.0,0.0,0.0,0.0,0.0,0.0,0.0,0.0,176.0,18.0,0.0,80.0,0.0,0.0,0.0,0.0,
2018-12-31,Breakfast,380.0,14.0,7.0,0.0,0.0,0.0,0.0,730.0,0.0,54.0,2.0,2.0,8.0,0.0,0.0,0.0,16.0,
2018-12-31,Snacks,435.0,0.0,0.0,0.0,0.0,0.0,0.0,0.0,0.0,12.0,0.0,0.0,3.3,0.0,0.0,0.0,0.0,
2019-01-01,Dinner,700.0,18.0,4.0,0.0,0.0,0.0,150.0,2200.0,0.0,72.0,16.0,8.0,68.0,50.0,40.0,8.0,30.0,
2019-01-02,Breakfast,680.0,26.0,12.0,0.0,0.0,0.0,260.0,1510.0,0.0,84.0,4.0,5.0,26.0,10.0,0.0,30.0,31.0,
2019-01-02,Snacks,2500.0,72.6,15.5,10.0,6.0,1.0,75.0,1460.0,0.0,378.0,10.0,9.0,83.0,4.0,17.0,35.0,31.0,
2019-01-03,Breakfast,575.0,17.0,5.0,0.0,0.0,0.5,37.5,1125.0,0.0,82.0,3.5,8.5,22.5,2.0,1.0,12.5,12.5,
2019-01-03,Lunch,1790.0,99.0,16.5,0.0,0.0,0.0,145.0,3150.0,0.0,159.0,9.0,18.0,66.0,0.0,2.0,12.0,23.0,
2019-01-03,Snacks,865.0,2.3,0.0,0.0,0.0,0.0,0.0,50.0,560.0,184.0,0.0,54.0,25.0,0.0,240.0,0.0,4.0,
2019-01-04,Breakfast,1540.0,63.0,28.0,0.5,0.0,0.0,500.0,3370.0,0.0,188.0,8.0,54.0,52.0,20.0,186.0,44.0,45.0,
2019-01-04,Lunch,680.0,22.0,9.0,1.0,12.0,0.0,110.0,140.0,500.0,70.0,0.0,0.0,52.0,0.0,0.0,0.0,44.0,
2019-01-05,Breakfast,680.0,22.0,9.0,1.0,12.0,0.0,110.0,140.0,500.0,70.0,0.0,0.0,52.0,0.0,0.0,0.0,44.0,
2019-01-05,Lunch,680.0,22.0,9.0,1.0,12.0,0.0,110.0,140.0,500.0,70.0,0.0,0.0,52.0,0.0,0.0,0.0,44.0,
2019-01-05,Snacks,815.0,18.3,2.5,0.0,0.0,0.0,0.0,140.0,192.0,134.0,2.0,3.0,32.0,0.0,0.0,2.0,4.0,
2019-01-06,Breakfast,380.0,14.0,7.0,0.0,0.0,0.0,0.0,730.0,0.0,54.0,2.0,2.0,8.0,0.0,0.0,0.0,16.0,
2019-01-06,Dinner,190.0,11.0,4.5,0.5,6.0,0.0,55.0,70.0,250.0,0.0,0.0,0.0,23.0,0.0,0.0,0.0,14.0,
2019-01-06,Lunch,939.4,36.4,18.2,0.0,0.0,0.0,90.9,1666.7,545.5,106.1,6.1,9.1,48.5,0.0,0.0,909.1,7.6,
2019-01-06,Snacks,300.0,5.0,1.0,2.0,2.0,0.0,0.0,500.0,0.0,54.0,8.0,2.0,12.0,40.0,4.0,4.0,20.0,
2019-01-07,Breakfast,234.0,15.0,4.2,1.8,5.1,0.0,558.3,184.8,177.0,1.8,0.0,0.9,18.0,0.0,0.0,0.0,0.0,
2019-01-07,Dinner,575.0,15.0,2.5,0.0,0.0,0.0,216.3,692.5,0.0,68.8,11.3,6.3,47.5,0.0,0.0,0.0,0.0,
2019-01-07,Lunch,319.3,0.0,0.0,0.0,0.0,0.0,0.0,0.0,0.0,0.0,0.0,0.0,0.0,0.0,0.0,0.0,0.0,
2019-01-07,Snacks,2186.7,41.5,15.8,1.8,4.7,0.0,70.0,1600.0,90.0,372.0,8.0,20.7,75.7,14.0,8.0,34.0,32.7,
2019-01-08,Breakfast,440.0,18.0,7.0,2.0,4.0,0.0,435.0,380.0,160.0,48.0,3.0,23.0,19.0,12.0,0.0,10.0,22.0,
2019-01-08,Dinner,1066.6,43.4,10.0,0.0,0.0,0.0,50.0,2600.0,0.0,136.6,10.0,20.0,40.0,133.4,13.4,50.0,13.4,
2019-01-08,Lunch,210.0,4.0,2.0,0.0,0.0,0.0,5.0,530.0,0.0,37.0,1.0,5.0,6.0,0.0,0.0,20.0,10.0,
2019-01-08,Snacks,1570.0,19.5,6.0,0.0,0.0,0.0,30.0,760.0,0.0,286.0,2.0,3.0,61.0,6.0,0.0,20.0,15.0,
2019-01-09,Breakfast,450.0,19.0,6.5,2.0,4.0,0.0,435.0,400.0,160.0,48.0,3.0,22.0,19.0,12.0,0.0,10.0,22.0,
2019-01-09,Dinner,800.0,0.0,0.0,0.0,0.0,0.0,0.0,0.0,0.0,0.0,0.0,0.0,0.0,0.0,0.0,0.0,0.0,
2019-01-09,Lunch,483.0,31.0,12.0,0.0,0.0,0.0,85.0,75.0,0.0,0.0,0.0,0.0,17.0,0.0,0.0,2.0,10.0,
2019-01-09,Snacks,360.0,14.6,3.4,0.0,0.0,0.0,16.9,877.5,0.0,46.1,3.4,6.8,13.5,45.0,4.5,16.9,4.5,
2019-01-10,Breakfast,585.0,27.4,7.1,2.1,4.0,0.0,420.0,451.0,811.0,63.0,6.1,28.0,25.3,13.0,17.0,10.0,21.0,
2019-01-10,Dinner,612.3,17.2,3.4,5.0,7.8,0.0,377.6,1007.9,618.8,77.8,4.7,7.2,33.8,112.7,14.3,20.4,26.8,
2019-01-10,Lunch,706.1,12.2,5.0,0.1,0.0,0.0,20.0,212.0,216.3,76.0,2.8,51.5,3.1,10.3,158.1,2.6,11.2,
2019-01-10,Snacks,1299.6,69.6,43.9,0.2,0.0,0.0,35.7,725.0,1792.5,212.2,20.8,102.5,58.9,59.0,261.5,22.9,29.8,
2019-01-11,Breakfast,240.0,17.0,6.5,3.0,7.0,0.0,435.0,480.0,240.0,1.0,0.0,1.0,19.0,12.0,0.0,8.0,14.0,
2019-01-11,Lunch,673.0,36.0,11.3,0.4,4.3,0.8,141.7,2844.9,238.0,47.1,1.3,7.4,41.4,17.8,1.2,19.9,27.5,
2019-01-11,Snacks,549.7,22.2,10.1,1.0,2.0,0.0,45.5,998.3,397.7,63.0,4.0,5.0,25.2,0.0,1.0,455.5,5.8,
2019-01-12,Breakfast,810.0,36.0,12.0,0.0,0.0,0.0,0.0,1440.0,0.0,81.0,0.0,0.0,39.0,0.0,0.0,0.0,0.0,
2019-01-12,Dinner,1130.0,50.6,19.4,0.0,0.0,0.0,90.6,3240.0,380.0,115.5,7.5,11.4,54.9,0.0,12.0,0.0,12.0,
2019-01-12,Snacks,1536.0,78.5,28.2,4.0,8.5,0.0,617.8,2950.9,280.0,135.0,7.0,47.3,75.4,13.1,4.0,59.4,74.8,
2019-01-13,Breakfast,710.0,27.0,4.5,0.0,0.0,0.0,30.0,1490.0,130.0,105.0,4.0,24.0,13.0,40.0,0.0,16.0,50.0,
2019-01-13,Dinner,1053.2,53.2,9.0,1.3,10.1,0.0,81.0,84.0,1605.0,69.6,6.6,3.3,30.0,0.0,135.0,6.0,33.7,
2019-01-13,Lunch,1100.0,42.5,11.8,0.0,0.0,0.0,102.5,2170.0,0.0,116.5,6.5,3.5,65.0,0.0,0.0,6.0,35.0,
2019-01-13,Snacks,341.3,13.1,7.9,0.0,0.0,0.0,21.9,201.3,227.5,30.6,0.9,8.8,26.3,30.6,21.9,26.3,13.1,
2019-01-14,Breakfast,917.5,51.5,11.4,2.0,4.0,0.0,455.0,1097.5,389.0,62.3,6.5,15.8,50.3,12.0,0.0,10.0,27.0,
2019-01-14,Dinner,1422.5,40.0,17.5,0.0,0.0,0.0,225.0,2747.5,260.0,171.8,15.5,33.3,87.5,26.0,5.5,31.5,68.8,
2019-01-14,Lunch,275.0,0.0,0.0,0.0,0.0,0.0,0.0,350.0,87.5,67.5,2.5,27.5,2.5,25.0,25.0,0.0,62.5,
2019-01-14,Snacks,180.0,3.5,1.5,1.0,1.0,0.0,5.0,140.0,170.0,33.0,1.0,20.0,5.0,0.0,0.0,15.0,0.0,
2019-01-15,Breakfast,560.0,32.0,9.0,3.0,6.0,0.0,630.0,530.0,469.0,36.0,3.0,14.0,31.0,18.0,0.0,14.0,26.0,
2019-01-15,Dinner,1120.0,46.0,19.5,0.0,0.0,0.0,140.0,1800.0,0.0,133.0,5.0,74.0,49.0,2.0,4.0,42.0,48.0,
2019-01-15,Lunch,713.3,4.8,1.3,0.0,0.0,0.0,33.3,826.7,0.0,144.6,2.7,2.7,18.7,33.3,120.0,5.3,26.7,
2019-01-15,Snacks,470.0,23.4,1.1,2.1,1.0,0.0,0.0,116.0,422.0,67.5,3.6,28.0,2.8,2.0,17.0,2.0,4.0,
2019-01-16,Breakfast,560.0,32.0,9.0,3.0,6.0,0.0,630.0,530.0,469.0,36.0,3.0,14.0,31.0,18.0,0.0,14.0,26.0,
2019-01-16,Dinner,603.8,15.8,0.0,0.0,0.0,0.0,0.0,0.0,0.0,84.0,10.5,5.3,36.8,0.0,0.0,0.0,0.0,
2019-01-16,Lunch,500.0,28.0,5.0,0.0,0.0,0.0,40.0,740.0,0.0,30.0,4.0,2.0,30.0,0.0,0.0,0.0,8.0,
2019-01-16,Snacks,1099.8,26.4,8.2,2.3,2.0,0.0,35.0,331.6,463.4,184.6,11.6,16.1,30.0,2.0,0.0,6.2,28.5,
2019-01-17,Breakfast,580.0,30.5,8.5,3.0,5.0,0.0,420.0,525.0,389.0,53.0,4.0,21.0,25.0,12.0,0.0,10.0,20.0,
2019-01-17,Lunch,1122.0,43.1,18.9,2.7,4.6,0.0,141.5,1652.3,477.3,98.8,5.5,8.0,58.2,1.0,0.0,796.5,11.6,
2019-01-18,Breakfast,480.0,27.0,7.0,2.0,4.0,0.0,420.0,450.0,389.0,36.0,3.0,14.0,24.0,12.0,0.0,10.0,20.0,
2019-01-18,Lunch,1271.0,68.6,29.2,0.4,4.3,0.8,189.8,4510.9,238.0,102.6,5.0,14.6,63.2,5.8,1.2,19.9,15.5,
2019-01-19,Breakfast,872.5,42.5,29.8,1.0,1.0,0.0,18.8,1055.0,375.0,135.0,12.3,28.0,33.8,60.0,150.0,10.8,26.0,
2019-01-19,Dinner,1240.0,71.0,12.0,0.0,0.0,0.0,75.0,1970.0,0.0,116.0,5.0,17.0,34.0,0.0,25.0,12.0,23.0,
2019-01-19,Lunch,966.0,25.2,0.0,0.0,0.0,0.0,0.0,0.0,0.0,134.4,16.8,8.4,58.8,0.0,0.0,0.0,0.0,
2019-01-19,Snacks,300.0,18.0,5.0,0.0,0.0,0.0,0.0,360.0,0.0,30.0,2.0,2.0,2.0,0.0,12.0,4.0,0.0,
2019-01-20,Breakfast,770.0,19.0,3.0,0.0,0.0,0.0,0.0,840.0,0.0,40.0,5.0,1.0,10.0,0.0,0.0,4.0,15.0,
2019-01-20,Dinner,920.0,44.0,18.0,2.0,3.0,0.0,60.0,2040.0,310.0,94.0,7.0,11.0,33.0,0.0,2.0,0.0,4.0,
2019-01-21,Breakfast,633.3,23.3,11.7,0.0,0.0,0.0,0.0,1216.7,0.0,90.0,3.3,3.3,13.3,0.0,0.0,0.0,26.7,
2019-01-21,Dinner,1190.8,37.2,8.1,14.9,3.2,0.0,531.4,2177.0,657.2,164.4,4.3,1.8,43.8,36.2,5.5,21.7,61.9,
2019-01-21,Lunch,300.0,5.0,1.0,2.0,2.0,0.0,0.0,500.0,0.0,54.0,8.0,2.0,12.0,40.0,4.0,4.0,20.0,
2019-01-21,Snacks,320.0,17.0,3.0,0.0,0.0,0.0,0.0,290.0,229.0,36.0,3.0,14.0,10.0,0.0,0.0,2.0,8.0,
2019-01-22,Breakfast,190.0,14.0,6.0,0.0,0.0,0.0,35.0,420.0,0.0,3.0,1.0,1.0,13.0,6.0,0.0,15.0,4.0,
2019-01-22,Dinner,520.0,34.0,0.0,0.0,0.0,0.0,0.0,642.0,0.0,26.0,4.0,2.0,28.0,0.0,0.0,0.0,0.0,
2019-01-22,Lunch,600.0,34.0,6.0,0.0,0.0,0.0,0.0,540.0,484.0,64.0,7.0,29.0,18.0,0.0,0.0,78.0,3.0,
2019-01-22,Snacks,1924.8,74.1,26.6,3.0,8.9,0.0,161.9,3838.3,2745.5,225.7,11.0,73.6,71.8,39.6,338.9,69.0,61.3,
2019-01-23,Breakfast,590.0,31.0,9.0,0.0,0.0,0.0,40.0,775.0,399.0,55.0,4.0,28.0,27.0,6.0,0.0,32.0,12.0,
2019-01-23,Lunch,552.1,0.0,0.0,0.0,0.0,0.0,0.0,0.0,0.0,0.0,0.0,0.0,0.0,0.0,0.0,0.0,0.0,
2019-01-23,Snacks,105.0,0.4,0.1,0.1,0.0,0.0,0.0,1.0,422.0,27.0,3.1,14.0,1.3,1.0,17.0,0.0,1.0,
2019-01-24,Breakfast,190.0,14.0,6.0,0.0,0.0,0.0,35.0,420.0,0.0,3.0,1.0,1.0,13.0,6.0,0.0,15.0,4.0,
2019-01-24,Dinner,991.0,33.0,15.0,0.0,0.0,0.0,105.1,2432.4,0.0,114.1,9.0,15.0,60.1,24.0,18.0,90.1,45.0,
2019-01-24,Lunch,828.8,27.1,9.8,2.7,4.6,0.0,152.0,1285.3,0.0,65.6,2.5,3.4,49.6,5.5,2.3,7.8,33.1,
2019-01-24,Snacks,205.0,3.9,1.6,1.1,1.0,0.0,0.0,76.0,422.0,44.0,4.1,21.0,2.3,1.0,17.0,0.0,1.0,
2019-01-25,Breakfast,480.0,27.0,7.0,2.0,4.0,0.0,420.0,450.0,389.0,36.0,3.0,14.0,24.0,12.0,0.0,10.0,20.0,
2019-01-25,Dinner,747.5,48.9,0.0,0.0,0.0,0.0,0.0,922.9,0.0,37.4,5.8,2.9,40.3,0.0,0.0,0.0,0.0,
2019-01-25,Lunch,313.0,14.0,5.3,0.4,4.3,0.8,41.7,744.9,238.0,33.1,1.3,7.4,15.4,5.8,1.2,19.9,15.5,
2019-01-26,Breakfast,427.5,15.8,7.9,0.0,0.0,0.0,0.0,821.3,0.0,60.8,2.3,2.3,9.0,0.0,0.0,0.0,18.0,
2019-01-26,Dinner,966.0,25.2,0.0,0.0,0.0,0.0,0.0,0.0,0.0,134.4,16.8,8.4,58.8,0.0,0.0,0.0,0.0,
2019-01-26,Lunch,1135.0,23.6,4.3,8.4,5.0,0.0,218.0,2594.0,178.6,141.6,13.4,5.5,94.9,14.9,7.8,23.6,45.8,
2019-01-27,Breakfast,560.0,18.0,3.0,0.0,0.0,0.0,30.0,1180.0,130.0,90.0,2.0,24.0,12.0,40.0,0.0,16.0,50.0,
2019-01-27,Dinner,736.0,15.4,2.4,5.0,0.0,0.0,442.0,1656.0,1043.8,90.6,6.5,9.4,60.4,302.6,55.0,17.6,47.8,
2019-01-27,Lunch,643.3,30.6,4.7,0.2,0.0,0.0,0.0,173.7,351.4,93.6,10.7,30.9,8.2,3.7,16.3,2.6,5.0,
2019-01-27,Snacks,100.0,0.0,0.0,0.0,0.0,0.0,0.0,0.0,190.0,26.0,12.0,16.0,1.0,1.0,10.0,2.0,0.0,
2019-01-28,Breakfast,290.0,17.5,7.5,1.0,1.0,0.0,35.0,495.0,0.0,20.0,2.0,8.0,14.0,6.0,0.0,15.0,4.0,
2019-01-28,Dinner,1095.1,42.8,8.8,7.5,21.9,0.1,244.6,952.9,1679.8,108.3,9.5,12.6,65.8,457.5,25.6,20.3,44.0,
2019-01-28,Lunch,733.0,34.0,6.0,0.0,0.0,0.0,0.0,540.0,484.0,64.0,7.0,29.0,18.0,0.0,0.0,78.0,3.0,
2019-01-28,Snacks,662.9,30.3,13.3,0.0,0.0,0.0,66.3,1420.5,0.0,68.2,3.8,7.6,32.2,15.2,3.8,56.8,28.4,
2019-01-29,Breakfast,480.0,27.0,7.0,2.0,4.0,0.0,420.0,450.0,389.0,36.0,3.0,14.0,24.0,12.0,0.0,10.0,20.0,
2019-01-29,Dinner,660.0,39.0,22.5,0.0,0.0,0.0,0.0,1260.0,0.0,87.0,3.0,6.0,30.0,0.0,0.0,0.0,0.0,
2019-01-29,Lunch,483.0,12.6,0.0,0.0,0.0,0.0,0.0,0.0,0.0,67.2,8.4,4.2,29.4,0.0,0.0,0.0,0.0,
2019-01-29,Snacks,780.0,38.0,16.0,0.0,0.0,0.0,130.0,1700.0,0.0,66.0,4.0,14.0,46.0,0.0,4.0,40.0,40.0,
2019-01-30,Breakfast,340.0,26.0,13.0,3.0,6.0,0.0,660.0,240.0,240.0,0.0,0.0,0.0,21.0,18.0,0.0,12.0,18.0,
2019-01-30,Dinner,696.9,27.2,5.6,4.8,14.0,0.1,155.6,606.4,1069.0,68.9,6.0,8.0,41.9,291.1,16.3,12.9,28.0,
2019-01-30,Lunch,696.9,27.2,5.6,4.8,14.0,0.1,155.6,606.4,1069.0,68.9,6.0,8.0,41.9,291.1,16.3,12.9,28.0,
2019-01-30,Snacks,1458.8,43.1,11.5,4.2,7.1,0.0,198.8,1577.5,338.8,184.4,10.8,8.8,82.9,20.0,41.3,55.0,57.5,
2019-01-31,Breakfast,650.0,8.0,4.0,0.0,0.0,0.0,60.0,340.0,0.0,85.0,4.0,6.0,60.0,20.0,35.0,50.0,40.0,
2019-02-01,Breakfast,696.9,27.2,5.6,4.8,14.0,0.1,155.6,606.4,1069.0,68.9,6.0,8.0,41.9,291.1,16.3,12.9,28.0,
2019-02-02,Breakfast,540.0,48.0,27.0,3.0,6.0,0.0,720.0,240.0,240.0,0.0,0.0,0.0,21.0,18.0,0.0,12.0,18.0,
2019-02-03,Breakfast,300.0,33.0,21.0,0.0,0.0,0.0,90.0,0.0,0.0,0.0,0.0,0.0,0.0,0.0,0.0,0.0,0.0,
2019-02-04,Breakfast,813.0,52.5,12.0,0.0,0.0,2.5,175.5,743.0,229.0,38.5,5.5,14.0,49.0,0.0,0.0,2.0,8.0,
2019-02-04,Dinner,590.0,20.0,0.0,0.0,0.0,0.0,0.0,0.0,0.0,80.0,0.0,0.0,38.0,0.0,0.0,0.0,0.0,
2019-02-04,Lunch,419.1,0.0,0.0,0.0,0.0,0.0,0.0,0.0,0.0,0.0,0.0,0.0,0.0,0.0,0.0,0.0,0.0,
2019-02-04,Snacks,244.0,15.5,3.8,0.8,2.0,1.0,99.0,573.0,0.0,4.0,1.0,2.5,21.0,0.0,0.0,0.0,0.0,
2019-02-08,Breakfast,480.0,27.0,7.0,2.0,4.0,0.0,420.0,450.0,389.0,36.0,3.0,14.0,24.0,12.0,0.0,10.0,20.0,
2019-02-08,Lunch,953.0,32.0,7.0,0.0,0.0,0.5,30.0,1160.0,70.0,138.0,8.0,34.0,33.0,25.0,35.0,47.0,65.0,
2019-02-08,Snacks,160.0,8.0,6.0,0.0,0.0,0.0,0.0,60.0,0.0,18.0,0.0,14.0,2.0,0.0,0.0,0.0,12.0,
2019-02-16,Breakfast,1390.0,94.6,50.4,4.0,18.0,0.0,835.6,3420.0,740.0,47.5,9.5,2.4,78.9,18.0,0.0,12.0,46.0,
2019-02-16,Snacks,745.0,7.3,0.4,1.0,3.0,0.0,0.0,320.0,70.0,142.0,2.0,14.0,27.0,20.0,0.0,90.0,4.0,
2019-02-17,Breakfast,1575.0,49.3,20.5,1.5,18.0,0.0,165.0,940.0,750.0,180.0,2.0,2.0,102.0,0.0,0.0,0.0,58.0,
2019-02-17,Dinner,476.4,1.0,0.3,0.3,0.3,0.0,0.0,0.0,128.8,102.9,1.3,0.1,9.8,0.0,0.0,0.0,0.0,
2019-02-17,Lunch,640.0,30.0,12.0,0.0,0.0,0.0,60.0,1520.0,0.0,68.0,4.0,6.0,22.0,12.0,0.0,40.0,30.0,
2019-02-23,Breakfast,920.0,38.5,8.8,2.9,7.9,0.0,119.4,1273.1,555.0,101.7,2.0,5.2,40.7,39.6,144.5,54.1,89.3,
2019-02-23,Lunch,780.0,38.0,16.0,0.0,0.0,0.0,130.0,1700.0,0.0,66.0,4.0,14.0,46.0,0.0,4.0,40.0,40.0,
2019-02-23,Snacks,625.0,2.3,0.0,0.0,0.0,0.0,0.0,0.0,0.0,126.0,0.0,0.0,25.0,0.0,0.0,0.0,0.0,
2019-03-29,Breakfast,883.0,37.5,9.8,1.4,5.3,0.8,41.7,1974.9,467.0,111.1,6.3,22.4,31.4,5.8,1.2,21.9,31.5,
2019-03-29,Lunch,300.0,8.8,1.9,0.0,0.0,0.0,0.0,725.0,0.0,40.0,1.3,1.3,17.5,2.5,37.5,5.0,0.0,
2019-03-30,Breakfast,680.0,41.0,18.0,0.0,0.0,0.0,0.0,740.0,0.0,72.0,3.0,34.0,7.0,2.0,0.0,4.0,16.0,
2019-03-31,Breakfast,400.0,4.5,1.0,1.5,1.0,0.0,0.0,890.0,0.0,76.0,3.0,8.0,13.0,0.0,0.0,10.0,23.0,
2019-03-31,Dinner,544.0,17.0,14.9,0.0,0.0,0.0,0.0,2741.3,0.0,87.1,0.0,6.4,10.6,0.0,0.0,0.0,0.0,
2019-03-31,Lunch,520.0,14.0,3.0,0.0,0.0,0.0,70.0,1200.0,0.0,78.0,4.0,8.0,24.0,4.0,40.0,4.0,12.0,
2019-04-02,Breakfast,1277.0,36.9,4.3,4.0,2.0,0.0,161.4,2973.1,0.0,169.8,16.4,10.8,69.2,10.4,44.0,16.4,46.1,
2019-04-20,Breakfast,547.0,15.5,0.5,0.5,0.0,0.0,84.4,554.1,0.0,64.8,2.0,13.0,34.8,0.0,0.0,10.0,31.9,
2019-04-30,Breakfast,2354.0,128.5,38.1,15.7,30.0,4.0,0.0,700.0,1013.7,198.6,19.3,43.9,109.3,6.9,0.0,35.9,66.8,
2019-05-11,Dinner,1510.0,84.0,14.5,0.0,0.0,0.0,145.0,3030.0,0.0,126.0,6.0,18.0,62.0,0.0,27.0,14.0,31.0,
2019-05-31,Breakfast,660.0,28.0,12.0,0.0,0.0,0.0,70.0,1820.0,1020.0,62.0,6.0,6.0,38.0,8.0,0.0,20.0,20.0,
2019-08-26,Breakfast,967.5,35.0,11.0,4.0,5.0,0.0,0.0,625.0,334.0,122.7,4.0,34.0,14.0,0.0,0.0,2.0,14.0,
2019-08-26,Dinner,475.0,15.0,7.0,0.0,0.0,0.5,517.0,415.0,0.0,7.0,4.0,0.0,60.0,10.0,0.0,55.0,6.0,
2019-08-26,Lunch,1398.0,26.3,13.0,0.0,3.0,0.2,40.0,990.0,800.0,204.0,2.0,26.0,49.0,20.0,8.0,60.0,16.0,
2019-08-26,Snacks,775.0,24.0,8.5,0.0,0.0,0.5,517.0,865.0,0.0,52.0,7.0,3.0,69.0,16.0,0.0,61.0,24.0,
2019-08-27,Breakfast,795.0,32.0,10.0,0.0,0.0,0.5,517.0,705.0,229.0,43.0,7.0,14.0,70.0,10.0,0.0,57.0,14.0,
2019-08-27,Dinner,939.4,36.4,18.2,0.0,0.0,0.0,90.9,1666.7,545.5,106.1,6.1,9.1,48.5,0.0,0.0,909.1,7.6,
2019-08-27,Lunch,365.7,16.6,7.0,2.5,4.8,0.3,41.9,1140.0,335.3,36.6,5.3,5.0,17.5,5.7,1.5,36.8,12.2,
2019-08-27,Snacks,1047.6,16.1,1.6,5.6,5.0,0.0,25.0,494.8,295.7,197.8,5.8,52.0,30.7,23.8,160.1,66.3,15.5,
2019-08-28,Breakfast,865.0,14.3,3.5,5.0,3.5,0.0,30.0,140.0,0.0,159.0,2.0,23.0,28.0,0.0,0.0,2.0,10.0,
2019-08-28,Dinner,724.5,18.9,0.0,0.0,0.0,0.0,0.0,0.0,0.0,100.8,12.6,6.3,44.1,0.0,0.0,0.0,0.0,
2019-08-28,Lunch,449.0,13.0,0.0,0.0,0.0,0.0,0.0,0.0,0.0,40.0,5.0,1.0,47.0,0.0,0.0,0.0,0.0,
2019-08-28,Snacks,1896.2,21.7,3.0,0.1,0.1,0.0,0.0,291.5,641.5,369.6,3.6,85.5,62.9,43.1,212.5,12.8,8.4,
2019-08-29,Breakfast,860.0,37.5,7.5,5.0,3.5,0.0,55.0,512.5,229.0,96.5,5.0,47.0,19.0,0.0,0.0,4.0,18.0,
2019-08-29,Dinner,407.0,24.0,10.0,0.0,0.0,0.0,80.0,75.0,0.0,0.0,0.0,0.0,20.0,0.0,0.0,0.0,15.0,
2019-08-29,Lunch,380.0,14.0,7.0,0.0,0.0,0.0,0.0,730.0,0.0,54.0,2.0,2.0,8.0,0.0,0.0,0.0,16.0,
2019-08-29,Snacks,1911.4,13.8,4.3,1.8,3.8,0.0,5.0,1295.0,1338.8,391.9,4.3,71.1,54.8,25.0,10.0,57.0,30.0,
2019-08-30,Breakfast,860.0,41.0,12.5,5.0,3.5,0.5,70.0,1110.0,229.0,104.0,7.0,44.0,28.0,0.0,0.0,4.0,33.0,
2019-08-30,Dinner,1160.0,57.0,18.5,0.0,0.0,0.0,130.0,1970.0,0.0,114.0,9.0,14.0,50.0,0.0,19.0,42.0,46.0,
2019-08-30,Lunch,776.4,25.0,10.3,0.3,0.3,0.0,80.0,75.0,128.8,102.9,1.3,0.1,29.8,0.0,0.0,0.0,15.0,
2019-08-31,Breakfast,1080.0,60.2,4.6,1.4,4.4,4.0,183.6,530.0,2025.8,36.4,8.6,8.8,90.4,48.4,75.2,62.0,51.6,
2019-08-31,Dinner,1001.0,48.0,19.0,0.0,0.0,3.0,182.0,3605.0,0.0,78.0,5.0,0.0,66.0,0.0,0.0,0.0,0.0,
2019-08-31,Lunch,570.0,20.0,9.6,3.6,5.6,0.6,36.0,1280.0,368.0,72.0,5.0,7.6,24.0,14.0,4.0,40.0,28.0,
2019-08-31,Snacks,580.0,21.0,4.0,0.0,0.0,0.0,0.0,410.0,75.0,96.0,6.0,34.0,5.0,0.0,0.0,2.0,8.0,
2019-09-01,Breakfast,955.4,28.4,14.1,3.0,7.5,0.4,126.5,2631.1,1460.1,109.3,7.3,41.5,54.8,33.0,113.3,65.8,32.3,
2019-09-01,Dinner,1195.9,61.1,24.1,2.3,26.6,1.5,248.3,1699.9,1226.0,66.2,2.6,14.8,99.9,11.6,2.4,39.7,73.1,
2019-09-01,Snacks,320.0,15.0,6.0,0.0,0.0,0.0,30.0,760.0,0.0,34.0,2.0,3.0,11.0,6.0,0.0,20.0,15.0,
2019-09-03,Breakfast,260.0,10.5,3.5,2.0,4.0,0.0,0.0,215.0,55.0,42.0,2.0,21.0,2.0,0.0,0.0,2.0,6.0,
2019-09-03,Dinner,948.1,51.0,12.3,0.0,0.0,0.0,99.6,2165.8,0.0,70.4,1.2,0.0,43.6,0.0,0.0,0.0,0.0,
2019-09-03,Lunch,430.0,24.0,12.0,1.0,0.0,0.0,55.0,750.0,590.0,37.0,8.0,5.0,18.0,21.3,15.9,30.3,15.3,
2019-09-03,Snacks,2036.7,30.0,8.0,2.5,6.5,0.0,0.0,1358.3,305.0,374.7,6.0,56.8,62.0,30.0,34.3,91.0,30.0,
2019-09-04,Breakfast,600.0,28.5,6.0,5.5,3.0,0.0,25.0,555.0,229.0,78.0,4.0,35.0,13.0,0.0,0.0,4.0,12.0,
2019-09-04,Dinner,613.3,12.8,2.3,0.0,0.0,0.0,56.7,493.3,575.0,85.0,6.0,8.3,39.2,1046.7,55.0,81.7,5.0,
2019-09-04,Lunch,313.0,15.3,4.0,2.7,4.6,0.0,62.0,704.0,0.0,24.0,1.2,0.0,18.8,1.0,0.0,1.0,5.0,
2019-09-04,Snacks,2279.5,51.3,16.2,5.4,6.5,0.1,580.5,1428.0,897.0,362.1,4.0,23.1,88.8,243.0,8.0,124.0,24.6,
2019-09-05,Breakfast,580.0,27.5,6.5,2.0,4.0,0.0,0.0,505.0,284.0,78.0,5.0,35.0,12.0,0.0,0.0,4.0,14.0,
2019-09-05,Dinner,1170.0,57.0,24.0,0.0,0.0,0.0,195.0,2550.0,0.0,99.0,6.0,21.0,69.0,0.0,6.0,60.0,60.0,
2019-09-05,Lunch,427.0,12.0,2.4,0.0,0.0,0.0,42.0,454.0,75.0,39.4,2.2,19.2,14.4,8.0,45.0,6.4,9.6,
2019-09-05,Snacks,1430.0,4.5,0.0,0.0,0.0,0.0,0.0,10.0,0.0,297.0,0.0,45.0,51.0,0.0,0.0,0.0,0.0,
2019-09-06,Breakfast,580.0,27.5,6.5,2.0,4.0,0.0,0.0,505.0,284.0,78.0,5.0,35.0,12.0,0.0,0.0,4.0,14.0,
2019-09-06,Dinner,286.9,18.8,3.1,5.3,7.7,0.1,41.8,537.7,239.4,14.3,0.0,0.1,15.0,0.0,1.9,1.0,4.7,
2019-09-06,Lunch,471.4,23.2,8.2,1.6,3.1,0.4,47.1,1406.8,236.6,44.9,6.9,5.1,19.6,6.4,2.6,48.3,13.5,
2019-09-06,Snacks,2480.0,62.0,20.0,5.0,3.5,0.0,140.0,3480.0,285.0,376.5,5.0,18.0,101.5,15.0,0.0,35.0,40.0,
2019-09-07,Breakfast,1681.0,81.9,25.7,5.4,4.0,0.5,148.0,1861.0,710.8,157.3,6.7,36.5,78.2,8.0,10.2,3.8,33.0,
2019-09-07,Dinner,280.0,11.0,5.0,3.0,3.0,0.0,25.0,560.0,0.0,32.0,2.0,3.0,14.0,8.0,6.0,20.0,10.0,
2019-09-07,Snacks,1455.0,8.4,1.6,1.1,1.0,0.0,0.0,76.0,422.0,296.0,4.1,21.0,52.3,1.0,17.0,0.0,1.0,
2019-09-08,Breakfast,480.0,17.5,8.5,1.0,1.0,0.0,0.0,805.0,0.0,71.0,3.0,9.0,9.0,0.0,0.0,0.0,16.0,
2019-09-08,Lunch,1250.0,4.5,0.0,0.0,0.0,0.0,0.0,0.0,0.0,252.0,0.0,0.0,50.0,0.0,0.0,0.0,0.0,
2019-09-09,Breakfast,560.0,29.0,6.5,5.0,3.5,0.0,30.0,430.0,229.0,69.0,5.0,37.0,13.0,0.0,0.0,4.0,18.0,
2019-09-09,Dinner,510.0,30.1,13.4,0.0,0.0,0.0,96.0,1038.5,558.0,34.0,2.0,1.0,26.1,0.0,0.0,0.0,0.0,
2019-09-09,Lunch,1240.0,71.0,12.0,0.0,0.0,0.0,75.0,1970.0,0.0,116.0,5.0,17.0,34.0,0.0,25.0,12.0,23.0,
2019-09-09,Snacks,1572.5,4.5,0.0,0.0,0.0,0.0,0.0,107.5,0.0,341.6,0.0,89.6,50.0,0.0,0.0,0.0,0.0,
2019-09-10,Breakfast,560.0,29.0,6.5,5.0,3.5,0.0,30.0,430.0,229.0,69.0,5.0,37.0,13.0,0.0,0.0,4.0,18.0,
2019-09-10,Dinner,480.0,18.0,7.0,0.0,0.0,0.5,30.0,920.0,0.0,59.0,8.0,12.0,21.0,25.0,35.0,35.0,25.0,
2019-09-10,Lunch,1269.7,58.2,24.5,3.6,7.1,0.4,125.9,3070.9,486.6,131.0,11.4,15.1,56.6,6.4,2.6,87.3,49.3,
2019-09-11,Breakfast,560.0,29.0,6.5,5.0,3.5,0.0,30.0,430.0,229.0,69.0,5.0,37.0,13.0,0.0,0.0,4.0,18.0,
2019-09-11,Dinner,2021.0,120.0,34.0,0.0,0.0,1.0,258.0,3155.0,0.0,147.0,5.0,21.0,83.0,0.0,25.0,12.0,23.0,
2019-09-11,Lunch,313.0,14.0,5.3,0.4,4.3,0.8,41.7,744.9,238.0,33.1,1.3,7.4,15.4,5.8,1.2,19.9,15.5,
2019-09-11,Snacks,360.0,14.0,1.7,0.0,0.0,0.0,0.0,443.0,0.0,53.0,4.0,0.0,6.0,0.0,0.0,0.0,0.0,
2019-09-12,Breakfast,1721.9,73.4,20.1,0.1,0.0,2.0,90.0,2511.0,422.0,159.0,10.1,28.0,36.3,1.0,17.0,0.0,7.0,
2019-09-12,Snacks,1785.0,26.5,4.5,0.0,0.0,0.0,5.0,535.0,50.0,302.1,3.0,17.0,61.0,20.0,0.0,20.0,22.0,
2019-09-13,Breakfast,970.0,51.0,19.0,0.0,0.0,0.5,50.0,1690.0,229.0,102.0,5.0,18.0,29.0,0.0,0.0,2.0,24.0,
2019-09-13,Lunch,313.0,14.0,5.3,0.4,4.3,0.8,41.7,744.9,238.0,33.1,1.3,7.4,15.4,5.8,1.2,19.9,15.5,
2019-09-13,Snacks,1250.0,4.5,0.0,0.0,0.0,0.0,0.0,0.0,0.0,252.0,0.0,0.0,50.0,0.0,0.0,0.0,0.0,
2019-09-14,Breakfast,330.0,3.0,3.0,0.0,0.0,0.0,30.0,810.0,1710.0,75.0,12.0,21.0,18.0,0.0,0.0,30.0,18.0,
2019-09-16,Breakfast,1734.3,60.8,19.4,6.5,17.1,0.5,202.7,2542.4,1728.0,224.8,17.5,42.5,74.9,303.0,27.2,59.1,45.8,
2019-09-17,Breakfast,997.8,44.4,8.5,7.9,12.0,0.0,136.2,913.2,992.5,110.2,7.3,33.7,41.9,207.9,11.6,13.2,32.0,
2019-09-17,Dinner,817.6,25.0,8.2,4.2,10.0,0.0,178.2,2800.0,1410.4,78.2,6.4,0.0,67.6,38.0,154.0,12.0,48.0,
2019-09-17,Snacks,465.0,29.5,7.0,1.0,3.0,0.0,37.5,982.5,35.0,37.3,3.5,13.0,16.0,2.5,0.0,7.5,14.0,
2019-09-18,Breakfast,800.0,38.0,11.5,5.0,3.5,0.0,40.0,710.0,229.0,103.0,5.0,43.0,17.0,0.0,0.0,8.0,22.0,
2019-09-18,Dinner,597.3,23.3,4.8,4.1,12.0,0.1,133.4,519.8,916.2,59.1,5.2,6.9,35.9,249.5,13.9,11.1,24.0,
2019-09-18,Lunch,420.0,4.0,1.0,0.0,0.0,0.0,0.0,510.0,0.0,18.0,1.0,0.0,3.0,0.0,0.0,0.0,0.0,
2019-09-18,Snacks,1925.0,34.9,9.6,0.1,0.0,0.0,0.0,871.0,614.0,341.0,7.1,19.0,66.3,1.0,17.0,2.0,21.0,
2019-09-19,Breakfast,571.5,17.3,5.2,2.9,5.5,0.1,598.0,493.0,207.0,20.1,0.0,10.6,29.8,240.0,0.0,84.0,2.6,
2019-09-19,Dinner,390.0,19.0,8.0,0.0,0.0,0.0,65.0,850.0,0.0,33.0,2.0,7.0,23.0,0.0,2.0,20.0,20.0,
2019-09-19,Lunch,288.0,9.0,7.9,0.0,0.0,0.0,0.0,1451.3,0.0,46.1,0.0,3.4,5.6,0.0,0.0,0.0,0.0,
2019-09-19,Snacks,2560.5,118.8,18.4,11.5,64.5,0.0,558.0,484.6,207.8,301.1,5.0,0.6,72.9,240.0,15.0,86.8,9.1,
2019-09-23,Breakfast,534.5,31.3,7.7,2.9,5.5,0.1,558.0,503.0,436.0,37.1,3.0,14.6,28.8,240.0,0.0,86.0,10.6,
2019-09-23,Lunch,866.3,38.3,5.2,1.6,2.2,2.0,122.2,378.6,1432.6,63.3,8.3,12.1,63.3,38.4,62.4,38.0,50.2,
2019-09-23,Snacks,131.1,7.5,3.8,0.0,0.0,0.0,6.7,92.2,0.0,15.4,0.4,10.3,0.9,0.0,0.0,0.0,0.0,
2019-09-25,Breakfast,2980.5,89.3,18.7,1.8,6.7,2.6,139.1,2580.5,1100.1,433.5,27.0,44.2,117.7,20.9,39.7,43.3,128.6,
2019-09-25,Snacks,1250.0,4.5,0.0,0.0,0.0,0.0,0.0,0.0,0.0,252.0,0.0,0.0,50.0,0.0,0.0,0.0,0.0,
2019-10-01,Breakfast,1924.9,96.0,31.5,15.5,19.7,1.7,198.0,2525.6,2274.0,181.2,17.8,30.5,81.2,31.5,53.7,41.3,82.3,
2019-10-03,Breakfast,1639.0,56.9,21.9,8.1,11.7,0.0,113.0,2833.0,291.0,205.6,9.4,55.7,50.1,10.8,48.0,21.8,45.4,
2019-10-03,Dinner,688.8,39.6,18.1,2.6,1.0,0.0,175.0,1162.5,269.1,27.1,2.0,2.0,56.1,23.6,0.2,77.6,10.3,
2019-10-04,Breakfast,2915.4,71.0,17.8,4.6,8.1,0.4,131.1,3431.8,770.6,466.5,16.7,37.7,112.4,11.2,50.6,49.1,39.9,
2019-11-13,Breakfast,2325.0,91.7,20.4,2.6,1.5,0.0,110.0,4247.9,572.4,306.3,12.1,84.7,66.6,65.5,37.3,42.9,76.6,
2019-11-14,Breakfast,1219.3,36.7,10.9,6.7,13.5,0.1,148.4,941.0,1338.6,150.1,9.3,38.3,48.2,263.0,24.2,27.0,34.3,
2019-11-14,Snacks,457.0,25.4,6.4,3.3,14.2,0.0,23.8,469.5,141.8,50.6,1.5,22.4,7.9,0.5,0.2,8.1,12.3,
2019-11-17,Breakfast,490.0,21.0,4.5,0.0,0.0,0.0,60.0,1600.0,0.0,45.0,2.0,5.0,30.0,4.0,2.0,10.0,15.0,
2019-11-17,Dinner,1500.0,7.5,0.0,0.0,0.0,0.0,0.0,0.0,0.0,307.5,15.0,15.0,52.5,0.0,0.0,0.0,75.0,
2019-11-17,Lunch,900.0,45.0,14.5,1.0,0.0,1.5,95.0,1370.0,0.0,89.0,8.0,10.0,34.0,10.0,2.0,30.0,31.0,
2019-11-17,Snacks,420.0,19.0,6.4,3.0,8.0,0.0,0.0,800.0,70.0,50.0,4.0,16.0,2.0,20.0,0.0,90.0,12.0,
2019-11-18,Breakfast,340.0,15.0,5.0,0.5,0.0,0.0,60.0,1080.0,0.0,25.0,1.0,4.0,22.0,15.0,70.0,10.0,16.0,
2019-11-18,Dinner,500.0,6.0,1.0,0.0,0.0,0.0,80.0,560.0,0.0,38.0,0.0,20.0,22.0,0.0,0.0,0.0,0.0,
2019-11-18,Lunch,1026.3,50.2,16.9,0.9,0.0,1.5,118.4,1556.6,419.7,95.1,6.0,15.2,46.1,14.2,24.8,7.0,24.4,
2019-11-18,Snacks,1056.0,8.4,1.5,0.0,0.0,0.0,69.0,2580.0,0.0,219.9,15.0,10.5,36.9,0.0,0.0,6.0,30.0,
2019-11-20,Breakfast,280.0,14.9,2.6,0.0,0.0,0.0,0.0,253.8,200.4,31.5,2.6,12.3,8.8,0.0,0.0,1.8,7.0,
2019-11-20,Lunch,280.0,11.0,5.0,3.0,3.0,0.0,25.0,560.0,0.0,32.0,2.0,3.0,14.0,8.0,6.0,20.0,10.0,
2019-11-20,Snacks,1075.2,43.7,19.5,1.0,0.0,0.0,56.5,1929.2,561.2,127.5,8.2,39.1,44.7,150.7,46.5,90.3,40.1,
2019-11-26,Dinner,300.0,9.0,1.5,0.0,0.0,0.0,0.0,450.0,0.0,45.0,3.0,3.0,9.0,6.0,0.0,6.0,18.0,
2019-11-27,Lunch,670.0,31.0,13.0,9.0,4.2,0.2,68.0,1220.0,0.0,63.0,2.0,6.0,31.0,26.0,12.0,42.0,20.0,
2019-11-27,Snacks,180.0,4.0,1.0,0.0,0.0,0.0,0.0,210.0,0.0,34.0,0.0,16.0,2.0,8.0,0.0,0.0,4.0,
2019-12-04,Dinner,2472.8,77.5,24.6,6.0,6.8,0.2,354.8,4946.1,1436.6,212.9,15.8,90.2,124.3,19.9,59.6,33.2,55.6,
2019-12-08,Breakfast,920.0,58.0,24.0,8.0,0.0,0.0,680.0,2240.0,420.0,58.0,1.8,8.0,40.0,54.5,1.2,31.6,34.6,
2019-12-11,Snacks,405.0,3.0,0.8,0.8,0.0,0.0,0.0,690.0,0.0,78.0,3.0,10.5,15.0,0.0,0.0,15.0,22.5,
2019-12-20,Breakfast,669.2,38.3,9.0,6.2,10.3,0.2,75.0,1981.8,354.0,51.0,4.8,15.2,34.6,9.0,0.3,10.0,20.8,
2019-12-20,Dinner,821.3,6.5,1.2,0.0,0.0,0.0,53.7,2006.6,0.0,171.0,11.7,8.2,28.7,0.0,0.0,4.7,23.3,
2020-01-14,Breakfast,1421.1,30.2,6.1,3.0,6.0,0.0,33.0,1748.8,620.4,159.8,10.6,30.8,30.1,0.0,2.0,22.8,23.0,
2020-01-14,Dinner,563.0,31.5,11.6,3.9,3.7,0.0,417.0,1702.0,198.0,35.7,0.0,5.4,33.6,160.0,0.0,64.0,13.8,
2020-01-15,Breakfast,1266.0,27.6,8.6,1.9,6.3,0.8,53.0,3141.9,238.0,205.6,15.2,17.9,50.2,25.8,1.2,38.4,42.5,
2020-01-15,Dinner,360.0,5.3,0.3,0.7,2.0,0.0,0.0,673.3,46.7,74.7,1.3,39.3,3.3,13.3,0.0,60.0,2.7,
2020-01-15,Snacks,260.0,2.0,0.0,0.0,0.0,0.0,30.0,440.0,420.0,8.0,2.0,2.0,50.0,0.0,0.0,60.0,8.0,
2020-01-16,Breakfast,1135.7,34.2,14.2,2.5,3.3,1.1,82.1,2012.8,298.6,164.9,14.7,33.2,50.3,12.4,10.6,66.3,42.8,
2020-01-22,Breakfast,1091.2,54.3,20.2,5.9,7.5,0.1,671.3,2924.7,207.0,83.1,4.0,19.9,67.1,249.3,21.3,114.0,15.3,
2020-01-23,Breakfast,1971.0,46.1,14.1,6.0,4.1,0.1,168.0,2704.0,946.0,292.0,24.8,54.6,96.6,176.0,54.0,60.0,94.0,
2020-01-23,Snacks,1250.0,4.5,0.0,0.0,0.0,0.0,0.0,0.0,0.0,252.0,0.0,0.0,50.0,0.0,0.0,0.0,0.0,
2020-01-28,Breakfast,1417.5,55.9,15.0,10.0,9.7,0.0,394.5,2043.2,1099.4,134.2,9.1,33.3,42.4,165.5,12.3,77.9,32.1,
2020-01-28,Lunch,523.0,10.6,5.5,1.0,3.3,0.0,59.5,1152.1,917.6,72.9,1.8,41.7,27.2,19.9,172.1,19.2,15.6,
2020-01-28,Snacks,220.0,15.1,1.7,2.3,1.9,0.0,0.0,307.5,0.4,14.4,0.8,0.4,7.5,0.0,0.0,0.8,0.0,
2020-01-29,Breakfast,1149.8,60.8,25.5,8.8,10.0,0.8,519.3,2634.4,436.0,95.6,1.3,25.3,59.3,174.8,7.5,128.4,34.6,
2020-01-29,Dinner,770.8,12.8,2.3,0.0,0.0,0.0,56.7,504.6,575.0,124.4,6.0,47.7,39.2,1046.7,167.5,81.7,5.0,
2020-02-22,Lunch,1403.0,63.5,31.6,4.9,3.7,0.0,507.0,2982.0,198.0,145.7,4.0,23.4,64.6,164.0,0.0,114.0,43.8,
2020-02-22,Snacks,515.0,9.2,2.9,0.8,2.0,0.0,12.5,579.5,469.1,105.7,4.9,60.2,5.6,16.8,11.3,68.9,5.0,
2020-03-03,Breakfast,1169.5,38.0,6.0,6.5,5.5,0.0,5.0,950.0,235.0,124.0,4.0,42.0,25.0,0.0,0.0,64.0,23.7,
2020-03-03,Dinner,1245.0,76.0,20.0,0.0,3.0,5.0,378.0,1637.0,138.0,52.0,5.0,41.0,85.0,0.0,0.0,0.0,0.0,
2020-03-03,Lunch,380.0,14.0,7.0,0.0,0.0,0.0,0.0,730.0,0.0,54.0,2.0,2.0,8.0,0.0,0.0,0.0,16.0,
2020-03-04,Breakfast,270.0,7.0,2.0,0.0,0.0,0.0,35.0,290.0,0.0,49.0,3.0,0.0,6.0,0.0,0.0,20.0,1.8,
2020-03-04,Dinner,613.2,18.8,6.1,3.2,7.5,0.0,133.6,2100.0,1057.8,58.7,4.8,0.0,50.7,28.5,115.5,9.0,36.0,
2020-03-04,Lunch,1001.0,43.5,15.0,0.0,3.0,1.5,189.0,1911.5,138.0,87.5,5.0,45.0,62.0,10.0,3.0,38.0,16.0,
2020-03-05,Breakfast,1021.4,45.2,16.7,1.6,3.1,0.4,47.1,2116.8,465.6,119.9,9.9,21.1,36.6,6.4,0.6,42.3,35.5,
2020-03-05,Dinner,914.2,31.1,8.9,8.6,7.5,0.0,194.8,385.2,1055.0,88.9,15.5,50.3,78.0,175.0,61.0,189.0,31.2,
2020-03-06,Breakfast,1499.6,82.5,33.0,0.0,0.0,0.0,100.0,2400.0,229.0,87.0,6.5,21.0,54.5,0.0,0.0,2.0,8.0,
2020-03-06,Snacks,190.0,9.0,2.5,4.0,2.5,0.0,20.0,135.0,0.0,27.0,1.0,17.0,2.0,0.0,0.0,2.0,4.0,
2020-03-07,Breakfast,370.5,13.7,3.9,0.0,0.0,0.0,29.3,721.5,117.0,52.7,2.0,3.9,9.8,39.0,0.0,0.0,0.0,
2020-03-07,Dinner,1959.5,32.2,10.3,4.0,9.0,0.1,588.0,1734.2,714.4,331.1,11.1,18.0,86.1,243.5,10.3,89.9,2.9,
2020-03-07,Lunch,606.0,17.8,8.3,0.0,0.0,0.0,160.0,790.0,380.0,44.0,4.0,4.0,74.0,10.0,8.0,55.0,15.0,
2020-03-09,Breakfast,1388.3,46.9,11.8,5.0,2.5,0.0,122.4,1251.8,1544.1,189.1,17.0,54.9,65.7,101.7,49.1,29.9,67.7,
2020-03-09,Dinner,2139.5,33.3,9.5,5.4,10.8,0.1,580.5,1538.0,334.5,358.6,4.0,16.1,96.3,240.0,0.0,104.0,32.6,
2020-03-10,Breakfast,719.5,24.0,9.0,2.0,4.0,0.0,0.0,660.0,250.0,64.0,6.0,17.0,5.0,0.0,6.0,4.0,12.0,
2020-03-10,Dinner,341.0,11.0,3.0,0.0,0.0,0.0,32.0,597.0,0.0,34.0,2.0,3.0,18.0,0.0,0.0,0.0,0.0,
2020-03-10,Lunch,190.0,9.0,2.5,4.0,2.5,0.0,20.0,135.0,0.0,27.0,1.0,17.0,2.0,0.0,0.0,2.0,4.0,
2020-03-10,Snacks,2199.5,58.3,21.5,4.4,10.8,1.1,685.5,1998.0,334.5,302.6,3.0,14.1,112.3,248.0,15.0,109.0,32.6,
2020-03-11,Breakfast,1289.0,32.0,12.3,0.4,4.3,0.8,41.7,2154.9,238.0,182.7,17.7,25.4,45.6,5.8,5.2,21.9,23.5,
2020-03-11,Dinner,190.0,9.0,2.5,4.0,2.5,0.0,20.0,135.0,0.0,27.0,1.0,17.0,2.0,0.0,0.0,2.0,4.0,
2020-03-11,Snacks,962.5,56.8,10.8,7.7,35.0,0.1,558.0,673.8,227.4,87.1,2.0,39.6,30.8,240.0,0.0,94.4,17.8,
2020-03-12,Breakfast,1303.0,83.0,26.6,0.9,1.1,0.0,333.8,2342.5,51.8,98.4,6.6,9.7,88.4,67.1,20.7,74.4,53.6,
2020-03-12,Dinner,1660.0,32.5,10.5,1.0,3.0,0.0,70.0,1160.0,80.0,270.0,1.0,16.0,73.0,0.0,0.0,0.0,2.0,
2020-03-12,Snacks,814.5,57.0,11.3,7.2,35.0,0.1,561.0,243.8,1152.4,48.3,1.0,35.0,22.9,240.0,30.0,85.4,3.8,
2020-03-13,Breakfast,500.0,28.0,9.0,0.0,0.0,0.0,165.0,920.0,0.0,41.0,1.0,3.0,19.0,8.0,0.0,35.0,20.0,
2020-03-13,Dinner,885.3,23.0,4.5,0.0,0.0,0.0,140.3,2472.0,0.0,109.1,3.0,0.0,59.3,30.0,58.0,8.0,17.0,
2020-03-13,Lunch,240.0,0.0,0.0,0.0,0.0,0.0,0.0,0.0,0.0,0.0,0.0,0.0,0.0,0.0,0.0,0.0,0.0,
2020-03-13,Snacks,1703.2,45.8,8.4,5.7,25.2,0.1,558.0,213.5,207.3,253.1,0.0,0.6,68.8,240.0,0.0,84.3,2.8,
2020-03-14,Breakfast,800.0,11.0,2.0,1.0,0.0,0.0,30.0,1420.0,0.0,139.0,4.0,28.0,33.0,0.0,2.0,22.0,34.0,
2020-03-14,Snacks,2514.0,100.4,30.7,7.7,25.2,0.1,756.3,2443.5,287.3,291.1,2.0,41.6,121.3,252.0,10.0,152.3,34.8,
2020-03-15,Breakfast,847.5,42.8,15.0,0.0,0.0,0.0,100.0,3190.0,0.0,73.5,4.0,8.0,38.8,4.0,25.0,25.0,35.0,
2020-03-15,Dinner,250.0,5.0,0.0,0.0,0.0,0.0,25.0,750.0,0.0,40.0,5.0,5.0,15.0,0.0,0.0,0.0,0.0,
2020-03-15,Snacks,270.0,2.0,0.5,0.5,0.0,0.0,0.0,460.0,0.0,52.0,2.0,7.0,10.0,0.0,0.0,10.0,15.0,
2020-03-16,Breakfast,520.0,22.0,4.0,4.0,2.5,0.0,65.0,1125.0,0.0,54.0,4.0,20.0,30.0,0.0,0.0,2.0,4.0,
2020-03-16,Dinner,238.7,27.0,3.7,2.8,19.7,0.0,0.0,0.5,0.3,0.0,0.0,0.0,0.0,0.0,0.0,0.3,0.2,
2020-03-16,Snacks,2130.6,90.1,32.3,11.1,16.2,0.0,341.1,5503.7,2062.8,163.3,12.1,45.1,181.1,65.9,60.1,120.9,102.5,
2020-03-17,Snacks,3036.0,168.4,42.1,8.8,43.5,0.0,190.0,4610.8,568.4,202.9,14.0,72.3,190.5,0.0,0.0,14.4,60.2,
2020-03-18,Dinner,750.0,38.3,0.0,0.0,0.0,0.0,7.5,750.0,0.0,86.3,6.0,0.0,0.0,0.0,0.0,0.0,0.0,
2020-03-18,Lunch,600.0,30.0,0.0,0.0,0.0,0.0,0.0,0.0,0.0,60.0,0.0,0.0,16.0,0.0,0.0,0.0,0.0,
2020-03-19,Lunch,330.0,16.0,4.0,3.0,6.0,0.0,200.0,180.0,0.0,0.0,0.0,0.0,42.0,2.0,0.0,2.0,8.0,
2020-03-19,Snacks,1674.0,39.1,6.8,0.0,0.0,0.0,157.5,690.0,0.0,242.5,3.2,4.7,79.5,3.0,3.0,9.0,92.5,
2020-03-21,Dinner,895.3,0.0,0.0,0.0,0.0,0.0,0.0,0.0,0.0,194.9,0.0,0.0,21.1,0.0,0.0,0.0,79.0,
2020-03-21,Snacks,650.0,32.5,12.5,0.0,0.0,0.0,0.0,0.0,0.0,12.5,0.0,0.0,37.5,0.0,0.0,0.0,0.0,
2020-03-22,Dinner,1270.3,7.5,0.0,0.0,0.0,0.0,37.5,1125.0,0.0,254.9,7.5,7.5,43.6,0.0,0.0,0.0,79.0,
2020-03-22,Lunch,650.0,32.5,12.5,0.0,0.0,0.0,0.0,0.0,0.0,12.5,0.0,0.0,37.5,0.0,0.0,0.0,0.0,
2020-03-23,Breakfast,566.0,27.0,10.3,3.8,7.3,0.1,744.0,744.0,276.0,45.4,2.0,0.7,31.1,320.0,0.0,126.0,15.5,
2020-03-23,Lunch,505.0,42.0,19.6,0.0,0.0,0.0,117.5,1060.0,0.0,7.0,0.0,0.0,28.5,21.0,0.0,70.0,3.0,
2020-03-24,Breakfast,500.0,4.0,1.0,0.0,0.0,0.0,10.0,960.0,1040.0,102.0,4.0,14.0,18.0,0.0,0.0,30.0,30.0,
2020-03-24,Snacks,80.0,0.0,0.0,0.0,0.0,0.0,5.0,65.0,170.0,16.0,0.0,13.0,4.0,0.0,0.0,15.0,0.0,
2020-03-25,Dinner,750.0,34.5,19.5,0.0,0.0,0.0,0.0,1900.0,0.0,64.0,6.0,7.0,38.0,56.0,37.0,30.0,20.0,
2020-03-26,Breakfast,900.0,45.0,14.5,1.0,0.0,1.5,95.0,1370.0,0.0,89.0,8.0,10.0,34.0,10.0,2.0,30.0,31.0,
2020-03-26,Lunch,272.0,8.0,0.0,0.0,0.0,0.0,0.0,0.0,0.0,50.0,0.0,0.0,8.0,0.0,0.0,0.0,0.0,
2020-03-27,Dinner,448.0,39.0,15.0,2.6,14.7,0.0,74.0,500.0,259.0,2.0,0.0,1.8,22.0,0.0,0.0,0.0,8.0,
2020-03-27,Snacks,1979.2,23.1,0.0,0.0,0.0,0.0,0.0,3125.0,1406.2,198.9,20.8,0.0,233.3,0.0,0.0,41.7,260.4,
2020-03-30,Breakfast,750.0,38.3,0.0,0.0,0.0,0.0,7.5,750.0,0.0,86.3,6.0,0.0,0.0,0.0,0.0,0.0,0.0,
2020-03-30,Dinner,1520.3,2.3,0.0,0.0,0.0,0.0,0.0,0.0,0.0,320.9,0.0,0.0,46.1,0.0,0.0,0.0,79.0,
2020-03-30,Snacks,600.0,30.0,0.0,0.0,0.0,0.0,0.0,0.0,0.0,60.0,0.0,0.0,16.0,0.0,0.0,0.0,0.0,
2020-03-31,Dinner,850.0,65.0,15.0,0.0,0.0,0.0,300.0,575.0,0.0,0.0,0.0,0.0,65.0,0.0,0.0,0.0,0.0,
2020-03-31,Lunch,290.0,24.3,9.2,0.0,0.0,0.0,56.0,787.5,254.0,1.1,0.0,0.5,6.8,0.0,0.0,0.0,0.0,
2020-04-01,Breakfast,410.0,41.0,4.1,12.3,22.5,0.0,0.0,0.0,237.8,8.2,6.1,2.1,6.1,0.0,0.0,4.1,8.2,
2020-04-01,Dinner,2055.0,66.3,24.0,1.0,0.5,0.0,205.0,1708.0,60.0,234.0,5.0,11.0,103.0,0.0,0.0,32.0,25.0,
2020-04-01,Lunch,180.0,15.6,5.4,0.0,0.0,0.0,42.0,744.0,0.0,1.2,0.0,1.2,9.6,0.0,0.0,0.0,2.4,
2020-04-01,Snacks,295.0,9.4,2.6,4.1,2.5,0.0,20.0,136.2,422.4,54.0,4.1,31.4,3.3,3.5,10.3,7.9,4.3,
2020-04-02,Lunch,560.0,17.5,6.5,2.0,6.0,0.0,45.0,1220.0,160.0,47.0,1.0,8.0,20.0,15.0,0.0,15.0,14.0,
2020-04-03,Breakfast,513.9,32.6,6.0,0.0,0.0,2.0,205.0,486.0,191.6,2.0,2.0,0.0,50.5,0.0,0.0,0.0,0.0,
2020-04-03,Dinner,2250.0,62.0,8.0,0.0,0.0,0.0,135.0,1830.0,0.0,314.6,5.0,9.0,95.3,0.0,0.0,0.0,0.0,
2020-04-04,Dinner,2335.0,39.3,17.0,0.0,0.0,0.0,135.0,1130.0,0.0,386.3,20.5,19.5,103.8,53.0,10.0,47.0,111.5,
2020-04-04,Lunch,514.0,11.4,3.1,4.6,2.5,0.0,20.0,687.0,0.0,89.4,3.4,25.4,14.0,0.0,0.0,14.0,22.0,
2020-04-05,Breakfast,1354.0,52.8,12.4,14.5,20.7,0.0,589.0,1464.0,899.0,50.0,5.4,1.5,90.4,4.0,8.0,18.0,55.0,
2020-04-05,Lunch,404.0,1.1,0.2,0.5,0.3,0.0,0.0,1.0,89.0,21.8,3.8,0.2,2.0,1.0,0.0,0.0,4.0,
2020-04-07,Breakfast,597.3,22.6,8.0,4.0,8.7,0.0,312.0,1441.5,576.6,47.5,6.0,8.1,25.0,136.1,12.9,56.2,19.7,
2020-04-07,Dinner,765.0,25.8,0.0,0.0,0.0,0.0,0.0,0.0,620.0,68.0,2.0,1.0,39.8,0.0,45.0,2.0,6.0,
2020-04-07,Snacks,614.0,52.2,0.0,0.0,0.0,0.0,0.0,2446.0,274.0,8.8,0.0,2.4,25.3,0.0,20.0,0.0,4.0,
2020-04-08,Dinner,125.0,2.5,0.0,0.0,0.0,0.0,12.5,375.0,0.0,20.0,2.5,2.5,7.5,0.0,0.0,0.0,0.0,
2020-04-08,Lunch,360.0,15.0,6.0,0.0,0.0,0.0,60.0,330.0,35.0,45.0,5.0,29.0,13.0,0.0,100.0,0.0,0.0,
2020-04-09,Dinner,2890.0,62.0,21.5,0.0,0.0,0.0,100.0,2170.0,0.0,487.0,32.0,24.0,105.0,4.0,2.0,10.0,116.0,
2020-04-20,Dinner,972.0,43.4,8.5,0.0,0.0,0.0,863.0,1452.0,320.0,117.7,17.6,3.5,45.3,0.0,0.0,2.0,10.0,
2020-04-20,Lunch,948.1,51.0,12.3,0.0,0.0,0.0,99.6,2165.8,0.0,70.4,1.2,0.0,43.6,0.0,0.0,0.0,0.0,
2020-04-22,Lunch,1755.0,30.3,0.0,0.0,0.0,0.0,0.0,0.0,0.0,273.0,13.0,13.0,76.3,0.0,0.0,0.0,65.0,
2020-04-23,Dinner,560.0,10.0,5.0,0.0,0.0,0.0,30.0,980.0,0.0,100.0,4.0,16.0,20.0,8.0,0.0,50.0,30.0,
2020-04-24,Dinner,400.0,18.0,6.0,2.0,2.0,0.0,420.0,840.0,160.0,40.0,4.0,4.0,20.0,0.0,0.0,12.0,8.0,
2020-04-24,Lunch,474.8,12.7,0.5,0.5,0.0,0.0,0.0,460.0,0.0,52.0,2.0,7.0,23.9,0.0,0.0,10.0,15.0,
2020-05-02,Lunch,1160.0,68.0,16.4,6.4,33.6,0.0,0.0,1800.0,0.0,112.0,16.0,0.0,100.0,0.0,0.0,0.0,0.0,
2020-05-09,Breakfast,560.0,4.9,2.1,0.0,0.0,0.0,21.0,812.0,0.0,65.8,1.4,8.4,14.0,21.0,0.0,21.0,14.0,
2020-05-09,Dinner,330.0,16.0,4.0,3.0,6.0,0.0,200.0,180.0,0.0,0.0,0.0,0.0,42.0,2.0,0.0,2.0,8.0,
2020-05-09,Lunch,1293.0,57.0,19.9,2.7,9.9,0.0,47.0,1003.0,252.0,129.5,0.1,0.7,63.9,1.0,2.0,2.0,7.0,
2020-05-26,Breakfast,352.4,4.4,0.6,0.0,0.0,0.0,35.1,1044.8,0.0,57.2,1.6,0.0,20.6,15.7,26.2,4.2,8.9,
2020-05-26,Dinner,150.0,0.0,0.0,0.0,0.0,0.0,5.0,170.0,0.0,27.0,0.0,19.0,9.0,0.0,0.0,30.0,0.0,
2020-05-27,Dinner,1250.0,4.5,0.0,0.0,0.0,0.0,0.0,0.0,0.0,252.0,0.0,0.0,50.0,0.0,0.0,0.0,0.0,
2020-05-27,Lunch,1720.5,73.2,21.6,0.0,0.0,0.0,135.0,2290.6,239.2,208.1,12.5,88.0,69.4,1.8,9.1,72.9,48.2,
2020-05-28,Snacks,287.3,7.6,1.0,1.0,1.0,0.0,21.4,579.3,275.0,31.5,5.0,2.5,21.9,0.0,0.0,8.0,11.6,
2020-05-31,Lunch,500.0,16.0,8.0,9.0,4.2,0.2,38.0,880.0,0.0,62.0,2.0,6.0,24.0,16.0,12.0,40.0,18.0,
2020-07-01,Dinner,903.9,3.0,1.0,0.0,0.0,0.0,46.0,740.0,0.0,154.4,10.0,7.0,30.0,0.0,0.0,4.0,20.0,
2020-07-01,Lunch,504.0,1.3,0.0,0.0,0.1,0.0,39.6,7.2,28.8,148.8,4.8,3.6,24.0,0.0,0.0,0.0,0.0,
2020-07-02,Dinner,1675.0,90.5,21.0,0.0,0.0,0.0,120.0,2840.0,0.0,159.5,8.0,21.5,55.0,9.0,28.0,49.5,38.0,
2020-07-02,Lunch,1798.0,61.0,8.6,4.3,29.5,0.0,0.0,150.8,0.4,258.0,2.0,3.0,57.0,0.0,0.0,0.4,2.2,
2020-07-06,Breakfast,225.0,12.6,4.1,0.0,0.0,0.0,74.3,414.0,0.0,18.5,0.5,1.4,8.6,3.6,0.0,15.8,9.0,
2020-07-06,Dinner,1850.5,61.2,8.7,4.3,29.5,0.0,0.0,151.4,211.6,271.5,3.5,10.2,57.6,1.8,5.1,3.3,2.4,
2020-07-06,Lunch,2180.9,69.8,13.7,0.4,1.4,1.3,157.0,2331.4,633.1,276.7,3.9,2.8,93.0,15.1,23.5,19.4,95.1,
2020-07-07,Dinner,476.0,19.6,8.4,0.0,0.0,1.4,98.0,1890.0,0.0,36.4,1.4,0.0,37.8,0.0,0.0,0.0,0.0,
2020-07-07,Lunch,2064.2,70.8,25.4,0.4,1.4,1.3,177.4,2485.6,633.1,250.7,10.7,14.8,97.6,39.1,31.5,119.4,106.1,
2020-07-08,Breakfast,540.0,30.1,2.3,0.7,2.2,2.0,91.8,265.0,1012.9,18.2,4.3,4.4,45.2,24.2,37.6,31.0,25.8,
2020-07-08,Dinner,1100.0,58.0,10.0,0.0,0.0,0.0,65.0,1800.0,0.0,110.0,5.0,11.0,34.0,0.0,25.0,12.0,23.0,
2020-07-08,Lunch,1550.0,78.0,19.0,0.0,0.0,0.0,155.0,3380.0,60.0,156.0,5.0,72.0,59.0,0.0,50.0,14.0,20.0,
2020-07-09,Breakfast,830.0,45.1,7.3,0.7,2.2,2.0,116.8,825.0,1012.9,47.2,6.3,10.4,56.2,24.2,37.6,31.0,25.8,
2020-07-10,Breakfast,668.0,19.0,0.0,0.0,0.0,0.0,38.0,1781.0,0.0,94.0,0.0,5.0,32.0,0.0,0.0,0.0,0.0,
2020-07-11,Lunch,340.0,10.0,4.0,0.0,0.0,0.0,45.0,1020.0,0.0,42.0,2.0,2.0,23.0,30.0,30.0,15.0,15.0,
2020-07-12,Dinner,260.0,17.0,3.0,0.0,0.0,0.0,0.0,300.0,0.0,20.0,3.0,4.0,10.0,0.0,0.0,4.0,6.0,
2020-07-12,Lunch,52.5,0.2,0.1,0.0,0.0,0.0,0.0,0.6,211.2,13.5,1.5,7.2,0.6,1.8,5.1,2.9,0.2,
2020-07-14,Breakfast,167.4,2.2,0.0,0.0,0.0,0.0,86.4,97.2,0.0,0.0,0.0,0.0,37.8,0.0,0.0,0.0,0.0,
2020-07-14,Lunch,2627.0,81.6,15.0,0.0,0.0,0.5,60.0,3753.0,242.0,378.4,10.0,11.2,98.7,10.0,10.0,0.0,14.0,
2020-07-15,Breakfast,1533.5,67.1,18.5,0.0,0.0,0.0,60.0,2536.5,118.5,199.2,10.0,74.6,48.3,10.0,15.0,10.0,26.0,
2020-07-15,Dinner,1324.0,48.1,3.0,0.0,0.0,0.0,519.0,3966.0,0.0,6.0,15.5,3.0,7.0,0.0,0.0,0.0,2.0,
2020-07-15,Lunch,1250.0,4.5,0.0,0.0,0.0,0.0,0.0,0.0,0.0,252.0,0.0,0.0,50.0,0.0,0.0,0.0,0.0,
2020-07-16,Dinner,308.0,19.7,0.0,0.0,0.0,0.0,0.0,0.0,0.0,0.0,0.0,0.0,30.7,0.0,0.0,0.0,0.0,
2020-07-16,Lunch,1368.0,12.0,4.0,4.0,4.0,0.0,0.0,1360.0,0.0,302.0,45.0,8.0,12.0,0.0,0.0,24.0,16.0,
2020-07-17,Lunch,1276.0,52.9,23.0,0.0,0.0,2.0,105.0,1450.0,0.0,141.0,22.0,5.0,58.3,0.0,0.0,0.0,0.0,
2020-07-18,Lunch,454.0,12.9,1.0,1.0,1.0,0.0,0.0,340.0,0.0,65.0,9.5,2.0,18.3,0.0,0.0,6.0,4.0,
2020-07-20,Lunch,2205.0,79.0,28.0,34.5,21.3,0.3,220.0,3870.0,1155.0,180.5,5.0,13.0,95.5,24.0,18.0,60.0,34.0,
2020-07-22,Lunch,900.0,41.0,18.0,9.0,4.2,0.2,333.0,2030.0,0.0,80.0,4.0,7.0,50.0,24.0,12.0,65.0,28.0,
2020-07-23,Breakfast,400.0,25.0,10.0,0.0,0.0,0.0,295.0,1150.0,0.0,18.0,2.0,1.0,26.0,8.0,0.0,25.0,10.0,
2020-07-23,Lunch,2233.3,73.5,23.3,2.0,2.0,0.0,198.3,2870.0,31.5,264.0,10.5,11.0,105.0,12.0,10.0,72.0,28.0,
2020-07-24,Lunch,3360.1,85.4,22.0,4.4,29.8,0.0,160.3,1064.4,488.5,641.1,17.4,30.5,124.9,3.5,10.3,6.3,2.5,
2020-08-03,Lunch,2015.0,77.3,16.0,0.0,0.0,0.0,100.0,4475.0,50.0,221.0,5.0,9.0,105.5,4.0,25.0,25.0,37.0,
2020-08-23,Lunch,2362.0,117.0,48.5,0.0,0.0,3.0,309.0,3485.0,0.0,251.0,10.2,116.0,87.2,50.0,36.4,51.2,93.6,
2020-10-16,Breakfast,214.5,14.3,4.7,2.9,5.5,0.1,558.0,213.0,207.0,1.1,0.0,0.6,18.8,240.0,0.0,84.0,2.6,
2020-11-05,Dinner,992.3,35.7,12.8,3.6,13.5,0.0,420.9,691.2,985.9,118.4,10.5,79.7,46.0,177.8,33.3,113.8,16.4,
2020-11-05,Lunch,290.0,2.5,1.0,0.4,1.1,0.0,60.0,60.0,0.0,41.0,0.0,1.0,26.0,0.0,0.0,0.0,6.0,
2020-11-06,Breakfast,1098.0,26.9,6.2,3.3,11.0,0.0,382.0,617.3,501.8,166.9,5.0,26.9,49.1,180.3,7.5,85.0,4.2,
2020-11-06,Dinner,441.0,10.0,0.0,0.0,0.0,0.0,0.0,0.0,0.0,52.0,0.0,9.0,31.0,0.0,0.0,19.0,0.0,
2020-11-06,Lunch,425.0,20.3,4.3,1.0,1.0,0.0,5.0,235.0,0.0,48.0,6.0,17.0,16.0,7.5,0.0,10.0,15.0,
2020-11-06,Snacks,2295.0,98.9,27.5,0.0,0.0,2.0,235.0,3410.0,0.0,251.8,11.0,14.0,103.0,12.0,24.0,42.0,52.0,
2020-11-07,Breakfast,394.1,11.4,3.6,2.4,3.7,0.0,372.0,569.8,138.0,49.1,1.9,6.9,21.9,160.0,0.0,65.3,15.8,
2020-11-08,Breakfast,1682.2,56.1,14.1,4.3,12.0,8.3,414.5,1257.3,501.8,225.6,13.0,52.4,73.8,191.6,7.5,108.0,27.7,
2020-11-08,Dinner,695.0,24.5,11.8,0.4,2.8,0.0,75.0,1020.0,243.0,104.0,3.5,23.0,13.0,12.0,0.0,14.0,30.5,
2020-11-08,Snacks,993.0,13.3,4.6,0.0,0.0,0.0,20.0,640.0,0.0,176.2,0.8,52.8,40.2,31.6,0.0,43.2,7.2,
2020-11-09,Breakfast,510.0,21.5,5.0,1.0,1.0,0.0,10.0,345.0,0.0,62.0,6.0,30.0,20.0,15.0,0.0,20.0,16.0,
2020-11-09,Dinner,1166.0,55.1,23.8,0.1,3.0,0.0,30.0,207.0,926.0,93.2,3.8,2.0,71.0,0.0,27.0,2.0,10.0,
2020-11-09,Lunch,695.0,4.4,1.5,0.0,0.0,0.0,10.0,220.0,0.0,133.8,0.0,26.0,29.0,15.0,0.0,20.0,2.0,
2020-11-09,Snacks,1213.0,52.9,9.1,4.3,29.5,0.0,10.0,470.8,0.4,151.8,1.0,27.0,33.0,17.0,0.0,24.4,6.2,
2020-11-10,Breakfast,1010.5,53.4,13.3,4.3,12.0,10.0,409.5,1097.3,501.8,92.1,13.0,26.4,46.1,176.6,7.5,88.0,25.7,
2020-11-10,Dinner,1310.0,31.4,11.5,0.5,0.0,0.0,100.0,1025.0,105.0,203.8,8.0,37.0,61.0,135.0,10.0,26.0,14.0,
2020-11-11,Breakfast,1015.8,11.4,4.9,0.7,1.3,0.0,24.6,725.5,19.1,186.6,2.0,33.5,39.9,59.7,0.0,44.1,17.0,
2020-11-11,Dinner,615.0,16.0,2.0,0.0,0.0,0.0,65.0,1575.0,0.0,77.0,19.0,6.0,44.5,57.0,28.0,10.0,35.0,
2020-11-11,Lunch,403.0,22.5,4.7,3.3,11.0,0.0,372.0,447.3,501.8,35.1,7.0,2.9,20.1,165.3,7.5,73.0,10.2,
2020-11-11,Snacks,1391.7,36.0,10.6,0.8,4.5,0.0,74.0,1494.2,0.0,202.4,6.3,53.9,62.5,31.8,0.0,43.6,9.6,
2020-11-12,Breakfast,723.8,29.5,8.1,4.0,12.3,0.0,386.6,952.8,520.9,87.9,9.0,10.4,31.0,210.0,7.5,97.1,25.2,
2020-11-12,Dinner,315.0,8.5,1.0,0.0,0.0,0.0,0.0,434.0,0.0,33.0,7.0,0.0,24.0,0.0,0.0,0.0,0.0,
2020-11-12,Snacks,2758.0,93.7,21.1,7.3,35.0,0.0,93.8,2508.3,322.9,369.8,9.0,129.8,112.5,69.5,1.5,112.9,53.0,
2020-11-13,Breakfast,860.0,14.5,8.5,0.5,2.0,0.0,150.0,1140.0,25.0,91.0,2.0,44.0,91.0,19.0,0.0,56.0,17.0,
2020-11-13,Dinner,1869.0,89.0,16.5,0.0,0.0,0.0,65.0,3355.0,0.0,196.0,7.0,0.0,72.0,0.0,20.0,2.0,8.0,
2020-11-13,Snacks,975.0,19.5,5.5,2.0,2.0,0.0,135.0,792.5,390.0,102.5,9.0,46.5,101.5,25.0,2.0,74.0,49.0,
2020-11-14,Breakfast,504.5,31.8,12.7,2.9,5.5,10.1,605.5,908.0,207.0,18.1,0.0,0.6,31.3,243.0,3.0,91.5,6.6,
2020-11-14,Dinner,587.8,29.9,10.2,0.0,0.0,0.0,60.0,1237.8,390.0,49.0,2.1,27.1,30.4,12.2,2.0,34.4,29.4,
2020-11-14,Lunch,840.0,10.5,6.0,0.0,0.0,0.0,140.0,1600.0,0.0,99.0,2.0,42.0,88.0,17.0,0.0,46.0,6.0,
2020-11-15,Breakfast,835.0,18.5,4.5,2.5,2.0,0.0,10.0,742.5,0.0,137.5,11.0,36.5,31.5,15.0,0.0,30.0,39.0,
2020-11-15,Dinner,1717.5,28.8,4.5,0.0,0.0,0.0,107.5,2582.5,0.0,269.5,28.5,35.0,99.8,100.5,42.0,35.0,54.5,
2020-11-16,Breakfast,1496.4,61.1,10.9,6.9,35.6,0.0,382.0,668.0,502.1,189.1,7.0,28.9,53.1,180.3,7.5,93.3,12.4,
2020-11-16,Dinner,630.0,20.0,7.0,0.0,0.0,0.0,130.0,750.0,0.0,56.0,4.0,0.0,60.0,60.0,4.0,24.0,24.0,
2020-11-16,Snacks,1865.0,36.2,10.1,2.1,2.0,0.0,45.0,2243.7,812.4,320.5,14.1,68.9,68.8,32.5,12.3,72.9,53.3,
2020-11-17,Breakfast,467.0,22.9,5.2,3.0,10.7,0.0,372.0,449.0,683.0,51.7,7.9,19.4,21.2,166.0,30.0,67.0,14.8,
2020-11-17,Dinner,320.8,7.0,3.4,0.7,1.3,0.0,14.6,505.5,19.1,52.8,2.0,7.5,10.9,44.7,0.0,24.1,15.0,
2020-11-17,Snacks,795.0,4.8,1.5,0.0,0.0,0.0,10.0,220.0,0.0,154.0,0.0,26.0,33.0,15.0,0.0,20.0,2.0,
2020-11-18,Breakfast,2105.0,58.3,16.6,7.9,13.7,0.0,412.0,2847.0,492.0,327.7,11.0,73.4,70.6,203.0,24.0,123.0,39.8,
2020-11-18,Dinner,1890.0,58.3,20.5,2.5,7.5,1.5,152.5,3772.5,477.5,281.0,10.5,82.0,95.5,25.0,2.0,58.0,50.0,
2020-11-19,Breakfast,1410.8,37.3,10.4,0.7,1.3,0.0,92.1,2075.5,19.1,209.3,4.0,12.0,60.9,44.7,0.0,32.1,28.0,
2020-11-19,Dinner,2712.8,92.3,18.2,7.0,22.6,0.0,662.5,4721.8,1180.4,338.7,17.0,40.3,129.8,104.8,47.2,30.4,78.4,
2020-11-20,Breakfast,1652.2,30.3,8.0,4.2,12.6,0.0,292.1,2001.4,514.3,261.9,8.0,35.4,80.8,112.1,18.6,53.3,44.7,
2020-11-20,Dinner,1158.0,65.0,16.5,0.0,0.0,0.2,111.0,1582.0,0.0,99.0,10.0,7.0,43.0,0.0,0.0,0.0,6.0,
2020-11-21,Breakfast,1100.0,13.2,3.1,0.1,0.0,0.0,35.0,461.2,517.4,209.0,4.1,56.4,36.3,18.5,10.3,27.9,6.3,
2020-11-21,Dinner,2144.8,76.4,9.0,5.3,4.8,0.0,73.3,1702.0,400.5,197.6,12.0,6.8,56.7,33.0,151.0,22.0,48.0,
2020-11-21,Lunch,490.0,17.0,6.0,0.0,0.0,0.0,30.0,1840.0,0.0,71.0,2.0,14.0,13.0,4.0,0.0,17.0,4.0,
2020-11-22,Breakfast,420.0,24.5,7.0,0.0,0.0,0.0,65.0,1415.0,0.0,31.0,2.0,4.0,21.0,0.0,0.0,8.0,12.0,
2020-11-23,Breakfast,900.0,5.2,1.6,0.1,0.0,0.0,10.0,221.2,422.4,181.0,3.1,40.4,34.3,18.5,10.3,25.9,2.3,
2020-11-23,Dinner,903.9,3.0,1.0,0.0,0.0,0.0,46.0,740.0,0.0,154.4,10.0,7.0,30.0,0.0,0.0,4.0,20.0,
2020-11-23,Lunch,490.0,17.0,6.0,0.0,0.0,0.0,30.0,1840.0,0.0,71.0,2.0,14.0,13.0,4.0,0.0,17.0,4.0,
2020-11-23,Snacks,1195.0,19.8,4.5,2.0,4.5,0.0,15.0,690.0,440.0,209.0,0.0,49.0,44.0,25.0,2.0,50.0,37.0,
2020-11-24,Breakfast,1910.8,57.7,10.4,4.3,11.0,0.0,392.0,1385.1,531.8,243.1,11.1,40.0,83.5,197.5,47.5,105.4,26.6,
2020-11-24,Snacks,230.0,13.0,0.0,0.0,0.0,0.0,0.0,0.0,0.0,25.0,0.0,11.0,3.0,0.0,0.0,0.0,0.0,
2020-11-25,Breakfast,593.3,19.0,5.4,0.7,1.3,0.0,14.6,735.5,19.1,75.3,3.0,7.5,24.9,44.7,0.0,31.1,21.0,
2020-11-25,Dinner,1188.0,80.0,3.0,0.0,0.0,0.0,2.0,444.0,0.0,63.0,4.0,2.0,45.0,0.0,0.0,0.0,0.0,
2020-11-25,Lunch,1485.0,21.8,7.5,0.0,0.0,0.0,40.0,2070.0,0.0,275.0,2.0,40.0,46.0,19.0,0.0,37.0,6.0,
2020-11-27,Breakfast,1180.0,21.2,9.6,0.1,0.0,0.0,10.0,541.2,422.4,209.0,3.1,52.4,38.3,18.5,10.3,25.9,10.3,
2020-11-28,Breakfast,585.0,34.0,4.6,1.4,7.3,0.0,10.0,165.3,363.8,37.4,5.0,0.5,27.5,5.3,7.5,9.0,8.4,
2020-11-28,Dinner,1170.0,59.0,8.0,0.0,0.0,0.0,135.0,1830.0,0.0,88.0,5.0,9.0,62.0,0.0,0.0,0.0,0.0,
2020-11-28,Lunch,690.0,17.0,6.0,0.0,0.0,0.0,30.0,1850.0,0.0,121.0,2.0,14.0,13.0,4.0,0.0,17.0,4.0,
2020-11-30,Breakfast,1840.8,39.8,13.4,0.7,1.3,0.0,74.6,2915.5,19.1,303.8,5.0,51.0,64.9,64.7,5.0,63.1,28.5,
2020-11-30,Dinner,471.0,19.1,0.4,0.0,0.0,0.0,30.0,1480.3,0.0,61.2,6.5,1.7,45.8,6.0,46.0,8.0,50.0,
2020-11-30,Snacks,1406.0,27.2,5.7,2.1,2.0,0.0,10.0,346.0,487.0,249.5,13.5,48.0,51.5,17.0,20.0,21.0,28.0,
2020-12-01,Breakfast,639.7,35.3,14.4,1.9,3.7,8.3,439.5,1257.0,578.0,44.4,1.0,26.4,30.8,163.0,93.0,88.5,9.8,
2020-12-01,Dinner,864.0,48.5,13.6,0.0,0.0,0.0,0.0,1184.0,0.0,85.0,8.0,5.0,0.0,0.0,6.0,0.0,0.0,
2020-12-01,Snacks,1820.0,87.0,29.5,4.0,4.5,3.0,190.0,2865.0,50.0,191.0,11.0,41.0,67.0,20.0,14.0,60.0,66.0,
2020-12-02,Breakfast,826.0,18.2,4.5,4.1,6.5,0.0,15.0,561.0,517.0,149.5,11.5,58.0,25.5,24.5,20.0,31.0,31.0,
2020-12-03,Breakfast,664.5,39.3,7.9,5.6,20.2,0.1,558.0,673.5,934.5,55.9,13.1,4.6,30.8,250.5,15.0,114.0,15.4,
2020-12-03,Snacks,2017.0,52.3,17.7,4.1,2.0,0.0,90.0,1524.2,1034.4,294.4,11.1,80.8,73.3,33.0,14.3,51.9,22.3,
2020-12-04,Breakfast,2218.0,109.0,16.0,0.0,0.0,1.0,288.0,3876.0,0.0,191.0,14.0,22.0,102.0,0.0,0.0,0.0,0.0,
2020-12-04,Snacks,795.0,4.8,1.5,0.0,0.0,0.0,10.0,220.0,0.0,154.0,0.0,26.0,33.0,15.0,0.0,20.0,2.0,
2020-12-06,Breakfast,572.5,21.3,4.7,1.1,1.0,0.0,7.5,291.2,422.4,82.0,9.1,37.9,19.3,14.8,10.3,20.9,15.8,
2020-12-06,Dinner,1311.0,32.1,11.0,1.9,3.4,0.0,122.7,1833.3,121.0,188.9,4.5,5.4,66.8,6.0,6.0,24.0,15.3,
2020-12-06,Snacks,170.0,2.5,1.5,0.0,0.0,0.0,10.0,220.0,0.0,28.0,0.0,26.0,8.0,15.0,0.0,20.0,2.0,
2020-12-09,Breakfast,455.0,19.2,4.2,0.6,0.5,0.0,5.0,261.2,422.4,60.5,7.1,30.9,14.8,11.0,10.3,15.9,8.3,
2020-12-12,Breakfast,636.3,42.2,10.0,4.6,18.4,6.7,392.0,752.5,865.5,42.8,12.1,3.4,26.9,170.5,15.0,78.0,2.6,
2020-12-16,Breakfast,1130.0,16.8,4.8,0.3,0.0,0.0,10.0,450.0,0.0,184.0,2.0,29.5,60.0,15.0,0.0,25.0,9.5,
2020-12-16,Dinner,420.0,24.5,6.5,0.0,0.0,0.0,65.0,1345.0,0.0,30.0,2.0,4.0,21.0,0.0,0.0,8.0,12.0,
2020-12-16,Lunch,266.7,4.2,0.8,0.0,0.0,0.0,15.0,600.0,0.0,45.0,3.3,1.7,11.7,8.3,0.0,3.3,8.3,
2020-12-16,Snacks,1430.0,33.1,6.8,3.0,5.5,0.0,15.0,710.0,40.0,237.0,6.0,59.0,52.0,22.5,0.0,30.0,21.0,
2020-12-17,Breakfast,1870.3,48.6,18.9,6.1,14.3,0.1,630.1,2728.5,426.1,272.9,4.0,46.6,83.2,301.7,0.0,130.1,28.6,
2020-12-19,Snacks,2905.0,111.8,41.0,0.0,0.0,2.5,270.0,4040.0,0.0,348.0,13.0,46.0,128.0,15.0,4.0,60.0,48.0,
2020-12-23,Breakfast,635.0,18.5,0.0,0.0,0.0,0.0,68.0,402.0,625.0,107.0,2.0,1.0,12.0,0.0,27.0,20.0,1.1,
2020-12-23,Dinner,1080.0,49.0,9.0,0.0,0.0,0.0,65.0,1785.0,0.0,129.0,4.0,50.0,33.0,0.0,15.0,12.0,21.0,
2020-12-23,Lunch,612.0,9.2,2.6,0.0,0.0,0.0,0.0,1.2,0.0,99.0,5.4,3.2,31.0,0.0,0.0,0.0,0.0,
2020-12-23,Snacks,150.0,7.0,3.0,0.5,3.0,0.0,5.0,115.0,0.0,20.0,0.0,12.0,1.0,0.0,0.0,0.0,2.0,
2020-12-24,Breakfast,623.0,22.0,4.7,3.8,11.0,0.0,372.0,327.3,1401.8,88.1,7.0,49.9,22.1,225.3,207.5,295.0,17.2,
2020-12-25,Breakfast,228.5,12.8,1.7,1.4,3.9,0.0,262.3,345.0,77.0,17.0,1.0,3.5,12.1,80.0,1.0,31.0,6.9,
2021-01-04,Breakfast,1887.8,42.6,19.7,0.7,1.3,0.0,54.6,3063.5,19.1,309.2,4.0,51.9,56.9,63.7,0.0,61.1,21.0,
2021-01-04,Dinner,450.0,5.0,1.0,0.0,0.0,0.0,90.0,784.0,66.6,46.5,1.0,0.0,44.0,3.0,22.0,1.0,9.0,
2021-01-04,Snacks,795.0,4.8,1.5,0.0,0.0,0.0,10.0,220.0,0.0,154.0,0.0,26.0,33.0,15.0,0.0,20.0,2.0,
2021-01-05,Breakfast,1133.0,69.5,19.3,4.6,18.4,0.5,422.0,1182.5,865.5,86.5,12.1,5.4,49.6,170.5,15.0,82.0,10.6,
2021-01-05,Dinner,850.0,5.0,2.5,2.5,0.0,0.0,25.0,3000.0,1250.0,175.0,15.0,55.0,25.0,50.0,0.0,10.0,50.0,
2021-01-06,Breakfast,554.5,16.3,5.7,3.9,5.5,0.1,568.0,1413.0,707.0,71.1,6.0,22.6,28.8,260.0,0.0,88.0,22.6,
2021-01-06,Dinner,1470.0,26.7,6.6,1.1,1.0,0.0,20.0,566.2,432.4,260.0,9.1,86.4,55.3,33.5,10.3,45.9,18.3,
2021-01-06,Lunch,350.0,3.8,0.2,0.0,0.0,0.0,77.0,241.0,0.0,36.3,8.3,4.4,42.6,1.0,21.0,9.0,21.0,
2021-01-06,Snacks,965.0,7.3,3.0,0.0,0.0,0.0,20.0,440.0,0.0,182.0,0.0,52.0,41.0,30.0,0.0,40.0,4.0,
2021-01-08,Breakfast,1215.0,14.3,5.0,0.0,0.0,0.0,20.0,680.0,160.0,223.0,4.0,73.0,50.0,40.0,50.0,65.0,29.0,
2021-01-08,Dinner,995.0,63.0,0.0,0.0,0.0,0.0,0.0,2046.0,0.0,45.0,0.0,6.0,53.0,0.0,0.0,0.0,0.0,
2021-01-08,Snacks,965.0,7.3,3.0,0.0,0.0,0.0,20.0,440.0,0.0,182.0,0.0,52.0,41.0,30.0,0.0,40.0,4.0,
2021-01-10,Breakfast,1875.0,42.5,11.9,1.1,1.0,0.0,45.0,2296.2,432.4,317.0,11.1,87.4,64.3,30.0,10.3,52.9,21.3,
2021-01-10,Dinner,600.0,30.0,0.0,0.0,0.0,0.0,0.0,0.0,0.0,174.0,0.0,0.0,105.0,0.0,0.0,0.0,0.0,
2021-01-10,Snacks,390.0,1.0,0.2,0.0,0.0,0.0,0.0,30.0,0.0,88.0,3.0,27.0,11.0,0.0,0.0,2.0,20.0,
2021-01-11,Breakfast,300.0,8.4,3.1,0.0,0.0,0.0,287.0,241.0,0.0,18.0,4.7,2.3,18.0,0.0,0.0,0.0,0.0,
2021-01-11,Lunch,1206.0,64.0,14.0,0.0,0.0,0.0,196.0,2176.0,0.0,124.0,1.0,0.0,49.4,0.0,0.0,0.0,0.0,
2021-01-12,Breakfast,667.0,40.5,7.2,6.6,22.2,0.0,372.0,682.0,876.0,59.7,12.0,3.4,23.5,164.0,24.0,65.0,19.8,
2021-01-12,Dinner,540.0,17.0,8.2,0.0,0.0,0.0,0.0,0.6,0.0,65.8,3.0,2.8,31.4,0.0,0.0,2.0,20.0,
2021-01-12,Snacks,1535.0,33.5,6.9,3.1,5.5,0.0,15.0,686.2,462.4,265.0,9.1,73.4,53.3,26.0,10.3,35.9,23.3,
2021-01-13,Dinner,1143.0,47.3,13.5,0.0,0.0,0.0,56.3,3307.5,0.0,144.0,0.0,0.0,45.0,0.0,0.0,0.0,0.0,
2021-01-14,Breakfast,600.0,6.0,3.0,0.0,0.0,0.0,15.0,4160.0,0.0,106.5,3.0,31.0,27.5,28.0,56.0,56.0,15.0,
2021-01-14,Dinner,747.0,9.3,1.9,0.0,0.0,0.0,166.5,1443.0,0.0,87.4,0.0,0.0,80.0,0.0,0.0,0.0,14.8,
2021-01-14,Lunch,377.5,10.5,2.3,0.6,0.5,0.0,2.5,118.7,432.4,68.0,6.1,38.9,10.3,7.3,10.3,10.9,7.8,
2021-01-14,Snacks,795.0,4.8,1.5,0.0,0.0,0.0,10.0,220.0,0.0,154.0,0.0,26.0,33.0,15.0,0.0,20.0,2.0,
2021-01-15,Breakfast,364.5,22.3,5.7,4.9,10.0,0.1,558.0,443.0,237.0,20.1,0.0,0.6,20.8,240.0,0.0,84.0,8.6,
2021-01-15,Dinner,1000.0,41.0,14.0,10.4,11.2,0.0,220.0,340.0,3.0,82.0,0.0,0.0,78.0,10.0,0.0,4.0,8.0,
2021-01-15,Lunch,945.0,12.8,2.5,2.0,4.5,0.0,10.0,450.0,30.0,173.0,0.0,26.0,35.0,15.0,0.0,20.0,8.0,
2021-01-15,Snacks,1194.9,44.4,10.4,0.5,4.3,0.8,117.9,1707.7,1303.2,152.6,10.9,69.5,59.7,9.3,105.5,47.6,30.8,
2021-01-17,Breakfast,437.5,10.5,2.3,0.6,0.5,0.0,2.5,118.7,442.4,85.0,6.1,54.9,11.3,7.3,10.3,10.9,7.8,
2021-01-17,Dinner,2170.0,19.8,1.5,0.0,0.0,0.0,10.0,220.0,0.0,364.0,45.0,26.0,108.0,15.0,0.0,20.0,2.0,
2021-01-17,Lunch,334.5,24.3,8.7,2.9,5.5,0.1,583.0,693.0,207.0,2.1,0.0,1.6,23.8,240.0,0.0,84.0,4.6,
2021-01-17,Snacks,1000.0,54.0,24.0,0.0,0.0,1.0,140.0,2440.0,0.0,76.0,8.0,4.0,54.0,20.0,4.0,90.0,30.0,
2021-01-18,Breakfast,627.5,16.5,2.8,0.6,0.5,0.0,2.5,278.7,442.4,114.0,8.1,66.9,15.3,7.3,10.3,10.9,11.8,
2021-01-18,Dinner,1458.5,25.2,4.8,0.0,0.0,0.0,109.5,384.5,534.0,208.3,0.4,0.8,100.3,1.5,4.5,21.0,19.5,
2021-01-18,Lunch,687.5,7.5,0.0,0.0,0.0,0.0,0.0,0.0,0.0,105.0,22.5,0.0,37.5,0.0,0.0,0.0,0.0,
2021-01-18,Snacks,795.0,4.8,1.5,0.0,0.0,0.0,10.0,220.0,0.0,154.0,0.0,26.0,33.0,15.0,0.0,20.0,2.0,
2021-01-19,Breakfast,600.0,25.0,11.0,0.0,0.0,0.0,60.0,1400.0,0.0,68.0,4.0,6.0,24.0,16.0,20.0,34.0,20.0,
2021-01-19,Lunch,1786.7,33.5,17.6,0.0,0.0,0.0,115.0,2163.3,0.0,289.0,5.7,46.5,75.7,53.3,6.7,54.3,27.3,
2021-01-19,Snacks,1880.0,50.5,10.9,4.1,7.8,0.0,15.0,906.2,707.4,311.5,11.1,103.4,61.3,26.0,10.3,39.9,30.3,
2021-01-20,Breakfast,1029.0,18.0,2.7,0.0,0.0,0.0,10.0,1140.0,0.0,178.0,0.0,27.0,36.4,15.0,0.0,20.0,2.0,
2021-01-20,Dinner,460.6,16.6,0.0,0.0,0.0,0.0,182.2,1327.4,0.0,60.3,0.0,0.0,11.5,0.0,0.0,0.0,0.0,
2021-01-20,Lunch,340.0,5.0,3.0,0.0,0.0,0.0,10.0,990.0,0.0,65.0,2.0,10.0,8.0,2.0,0.0,2.0,4.0,
2021-01-21,Breakfast,725.0,47.8,8.6,2.7,14.0,0.0,25.0,540.0,708.0,40.0,12.0,3.0,38.9,10.0,24.0,25.0,4.0,
2021-01-21,Dinner,702.5,32.1,13.1,4.7,9.9,0.1,795.8,1195.1,314.3,55.8,2.0,9.6,44.4,409.3,0.0,150.1,20.0,
2021-01-21,Snacks,1620.6,40.1,5.7,0.0,0.0,0.0,110.0,278.3,0.0,241.3,2.5,26.0,75.7,15.0,0.0,36.0,5.3,
2021-01-22,Breakfast,889.0,49.7,4.1,2.7,14.0,0.0,0.0,370.0,1333.0,66.0,14.0,4.0,50.2,4.0,51.0,25.0,5.1,
2021-01-27,Breakfast,586.1,18.5,6.9,0.8,1.9,0.0,62.0,1228.3,28.7,74.2,2.0,7.8,27.3,67.0,0.0,31.1,15.0,
2021-01-27,Dinner,1810.0,33.5,8.5,10.0,8.4,0.0,200.0,560.0,620.0,143.0,7.0,27.0,110.0,17.0,45.0,26.0,16.0,
2021-01-28,Breakfast,970.0,21.0,4.7,3.3,10.7,0.0,372.0,297.0,492.0,20.7,6.0,1.9,17.1,162.0,12.0,60.5,7.8,
2021-02-01,Breakfast,668.3,24.2,12.7,0.4,2.8,6.7,65.0,500.0,3.0,86.3,4.0,4.0,22.3,8.0,0.0,0.0,20.0,
2021-02-02,Breakfast,346.7,18.6,6.6,0.0,0.0,3.3,43.3,1060.0,0.0,30.0,2.0,3.3,15.4,0.0,0.0,8.0,10.7,
2021-02-02,Dinner,532.4,11.6,0.0,0.0,0.0,0.0,0.0,0.0,0.0,85.6,0.0,0.0,20.8,0.0,0.0,0.0,0.0,
2021-02-02,Lunch,1340.0,11.1,5.3,0.0,0.0,0.0,32.5,1500.0,585.0,249.5,2.0,65.5,57.0,39.5,3.0,77.0,44.5,
2021-02-02,Snacks,695.0,23.3,4.8,2.0,2.0,0.0,5.0,235.0,20.0,109.0,10.0,50.0,23.0,7.5,0.0,10.0,25.0,
2021-02-04,Snacks,760.0,9.5,3.0,1.5,1.5,0.0,20.0,1130.0,0.0,146.0,6.0,88.0,25.0,60.0,60.0,70.0,64.0,
2021-02-05,Breakfast,2820.0,130.0,16.5,0.5,0.0,1.5,255.0,3580.0,0.0,266.0,17.0,29.0,145.0,0.0,0.0,10.0,15.0,
2021-02-06,Breakfast,1226.0,36.0,16.3,3.8,7.3,0.1,779.0,1674.0,276.0,182.4,4.0,71.7,41.1,328.0,0.0,118.0,11.5,
2021-02-08,Breakfast,1769.5,80.0,14.7,12.9,13.9,0.1,793.0,1363.0,977.0,117.1,7.0,18.6,150.1,242.0,45.0,104.0,30.6,
2021-02-11,Breakfast,700.9,35.8,14.8,3.8,8.0,0.1,610.8,1239.5,243.4,55.6,2.0,9.6,35.5,324.9,0.0,120.7,19.6,
2021-02-11,Dinner,1070.6,34.0,13.5,0.0,0.0,0.0,251.0,1875.8,692.0,88.4,3.0,46.0,98.4,26.5,0.0,38.0,7.0,
2021-02-11,Snacks,1420.0,10.6,2.3,1.5,1.5,0.0,22.5,1200.0,585.0,274.5,6.0,91.5,58.0,67.5,63.0,105.0,100.5,
2021-02-12,Breakfast,250.0,7.0,2.0,0.0,0.0,0.0,0.0,240.0,160.0,41.0,4.0,21.0,9.0,10.0,50.0,25.0,25.0,
2021-02-13,Breakfast,1111.0,29.4,4.8,0.0,0.0,0.0,91.0,2445.0,160.0,148.8,30.6,29.4,71.3,89.8,89.2,39.0,74.0,
2021-02-17,Breakfast,1101.0,37.3,13.1,3.8,8.1,0.1,632.3,840.1,450.3,136.7,2.0,8.7,51.6,329.3,0.0,122.1,17.6,
2021-02-17,Dinner,374.0,5.5,3.3,0.0,0.0,0.0,22.0,484.0,0.0,61.6,0.0,57.2,17.6,33.0,0.0,44.0,4.4,
2021-02-17,Lunch,700.0,8.0,2.0,0.0,0.0,0.0,140.0,130.0,0.0,80.0,0.0,0.0,50.0,4.0,0.0,0.0,4.0,
2021-02-17,Snacks,2020.0,56.0,11.4,4.1,7.8,0.0,165.0,1446.2,1348.4,293.5,11.1,65.4,96.3,19.0,10.3,29.9,34.3,
2021-02-18,Breakfast,515.0,11.0,2.0,0.0,0.0,0.0,45.0,76.0,205.0,82.0,0.0,0.0,21.0,0.0,0.0,0.0,0.0,
2021-02-18,Dinner,415.0,26.0,9.5,6.0,11.0,0.0,90.0,1210.0,342.0,25.0,3.0,3.0,20.0,4.0,4.0,15.0,14.0,
2021-02-18,Lunch,670.0,21.7,2.9,1.1,1.0,0.0,5.0,111.2,611.4,109.0,9.1,61.4,18.3,11.0,10.3,21.9,17.3,
2021-02-18,Snacks,1019.0,14.0,3.8,0.0,0.0,0.0,57.0,340.0,205.0,183.6,4.0,35.2,36.6,18.0,0.0,24.0,8.4,
2021-02-19,Breakfast,325.0,10.0,2.5,0.0,0.0,0.0,175.0,162.5,0.0,0.0,0.0,0.0,55.0,5.0,0.0,0.0,5.0,
2021-02-22,Breakfast,718.6,22.2,2.9,1.3,1.1,0.0,5.0,112.7,844.0,120.7,12.1,68.8,19.3,12.5,99.7,46.2,17.9,
2021-02-22,Dinner,1185.0,52.8,17.8,2.0,2.0,0.0,146.0,503.0,442.0,125.2,2.4,2.2,52.3,17.0,14.0,8.0,82.0,
2021-02-22,Snacks,826.0,18.0,5.2,3.9,5.6,0.0,39.3,1162.0,150.0,125.0,6.0,54.5,26.2,27.5,40.0,52.0,59.0,
2021-02-23,Breakfast,1060.0,24.0,6.0,9.0,5.0,0.0,261.5,2495.0,1357.0,81.5,7.0,51.5,137.0,35.0,63.0,67.0,37.5,
2021-02-23,Dinner,660.0,23.0,12.0,0.0,3.0,0.0,105.0,650.0,2101.0,91.0,6.0,6.0,26.0,26.0,132.0,16.0,26.0,
2021-02-23,Lunch,340.0,5.0,3.0,0.0,0.0,0.0,10.0,990.0,0.0,65.0,2.0,10.0,8.0,2.0,0.0,2.0,4.0,
2021-02-24,Breakfast,929.2,51.0,16.1,1.4,1.4,0.0,110.2,92.5,140.5,76.6,4.6,9.3,33.6,0.0,69.6,8.4,42.3,
2021-02-24,Dinner,656.0,42.0,0.0,0.0,0.0,0.0,0.0,828.0,0.0,28.0,4.0,4.0,40.0,0.0,0.0,0.0,0.0,
2021-02-24,Snacks,1263.9,54.4,22.3,2.3,5.2,0.0,148.2,867.9,143.5,133.1,3.0,42.0,54.4,30.5,0.0,35.4,35.0,
2021-03-31,Breakfast,334.5,24.3,8.7,2.9,5.5,0.1,583.0,693.0,207.0,2.1,0.0,1.6,23.8,240.0,0.0,84.0,4.6,
2021-03-31,Lunch,438.0,12.0,2.2,0.5,0.5,0.0,49.0,338.0,484.5,36.2,3.0,19.4,45.7,21.0,0.0,49.0,8.8,
2021-04-06,Dinner,379.0,31.2,6.2,0.0,0.0,0.0,0.0,0.0,0.0,13.8,2.1,3.0,11.7,0.0,0.0,0.0,0.0,
2021-05-21,Breakfast,328.6,2.9,0.4,0.7,1.6,0.0,0.0,82.1,10.7,6.8,0.0,0.0,0.7,0.0,0.0,0.0,2.1,
2021-08-01,Breakfast,670.0,21.7,2.9,1.1,1.0,0.0,5.0,111.2,611.4,109.0,9.1,61.4,18.3,11.0,10.3,21.9,17.3,
2021-08-01,Dinner,450.0,18.8,8.3,0.0,0.0,0.0,45.0,1050.0,0.0,51.0,3.0,4.5,18.0,12.0,15.0,25.5,15.0,
2021-08-01,Lunch,685.0,31.0,17.0,0.0,0.0,0.0,135.0,1130.0,0.0,48.0,4.0,3.0,46.0,53.0,10.0,47.0,29.0,
2021-08-07,Breakfast,2103.0,84.0,23.3,5.3,3.8,0.0,243.0,3080.0,0.0,225.7,7.4,79.5,80.5,30.0,31.0,56.0,42.0,
2021-08-19,Breakfast,1176.0,83.2,32.8,0.0,0.0,0.8,164.0,2744.0,0.0,64.0,4.8,5.6,44.8,32.0,32.0,48.0,32.0,
2021-08-19,Lunch,470.0,22.0,5.0,0.0,0.0,0.0,40.0,700.0,0.0,52.0,2.0,7.0,16.0,2.0,10.0,4.0,15.0,
2021-10-06,Dinner,1200.0,29.8,7.3,1.8,2.4,0.1,317.0,1595.0,694.2,122.1,6.9,6.3,130.1,3.0,28.0,25.0,41.0,
2021-10-07,Breakfast,1817.4,64.5,23.2,2.9,5.5,0.1,711.0,1753.0,2025.6,227.2,19.0,90.2,95.3,314.7,157.2,205.8,47.3,
2021-10-07,Dinner,185.0,0.5,0.3,0.0,0.0,0.0,0.3,285.0,0.0,25.0,1.0,2.5,4.0,0.0,0.0,2.0,5.0,
2021-10-07,Lunch,940.0,44.0,16.0,0.0,0.0,0.0,170.0,3140.0,0.0,86.0,8.0,22.0,52.0,40.0,16.0,50.0,30.0,
2021-10-09,Breakfast,483.0,28.4,8.5,4.8,9.1,0.1,930.0,458.5,345.0,21.3,2.5,2.1,33.7,400.0,36.0,141.5,9.4,
2022-01-14,Breakfast,143.0,9.5,3.1,1.9,3.7,0.0,372.0,142.0,138.0,0.7,0.0,0.4,12.6,160.0,0.0,56.0,1.8,
2022-01-16,Breakfast,779.7,14.4,4.2,1.0,1.0,0.0,22.2,659.4,417.8,102.0,5.1,50.8,62.4,17.2,0.0,47.2,16.4,
2022-02-19,Breakfast,1201.0,67.0,20.3,4.6,12.9,0.1,804.0,584.0,282.0,85.4,2.0,2.7,61.1,336.0,0.0,120.0,11.5,
2022-08-28,Breakfast,699.0,31.1,7.8,5.8,14.4,0.0,744.0,628.0,1282.0,68.3,9.3,4.5,35.7,322.0,61.0,124.5,23.6,
2022-08-28,Dinner,1719.8,62.6,26.6,0.2,0.0,0.0,328.5,1750.7,489.4,133.5,7.9,66.7,150.2,12.5,28.3,72.1,9.5,
2022-08-29,Breakfast,460.0,28.0,7.2,4.3,13.7,0.0,387.0,727.0,612.0,32.7,5.0,3.9,23.1,162.0,12.0,60.5,13.8,
2022-08-29,Dinner,1228.6,27.7,9.3,1.9,3.7,0.0,588.0,827.8,138.0,137.1,1.0,3.4,102.0,160.0,0.0,56.0,1.8,
2022-08-29,Snacks,1045.0,42.4,19.1,0.1,0.0,0.0,165.0,746.2,432.4,93.0,5.1,68.4,81.3,21.5,22.3,116.7,8.3,
2022-08-30,Breakfast,914.6,24.3,9.1,4.4,6.9,0.3,415.8,1554.8,436.0,134.6,2.8,5.4,40.4,0.0,5.0,48.4,32.2,
2022-08-31,Breakfast,871.5,32.8,8.8,5.3,15.5,0.1,573.0,798.0,681.0,113.1,5.0,4.1,35.3,242.0,12.0,88.5,14.6,
2022-08-31,Dinner,489.0,17.0,0.0,0.0,0.0,0.0,0.0,0.0,0.0,40.0,0.0,0.0,30.0,0.0,0.0,0.0,0.0,
2022-08-31,Lunch,580.0,36.0,0.0,0.0,0.0,0.0,0.0,1450.0,0.0,32.0,0.0,5.0,30.0,0.0,0.0,0.0,0.0,
2022-09-01,Breakfast,2532.5,105.3,33.0,3.3,9.8,0.9,857.2,2909.9,1125.0,263.4,11.5,140.5,135.2,258.8,13.2,186.7,50.1,
2022-09-02,Breakfast,160.0,4.0,1.0,0.0,0.0,0.0,0.0,360.0,0.0,28.0,2.0,2.0,6.0,0.0,0.0,4.0,0.0,
2022-09-10,Breakfast,1305.3,65.2,14.2,4.5,14.3,0.0,422.5,1454.0,712.3,101.1,5.9,4.1,75.4,169.8,19.8,80.0,14.2,
2022-09-12,Breakfast,953.1,37.8,11.0,2.1,2.0,0.0,35.0,477.7,432.4,133.7,14.0,47.3,31.0,11.4,14.3,39.6,28.0,
2022-09-13,Breakfast,699.3,25.4,0.0,0.0,0.0,0.0,0.0,0.0,84.3,68.4,0.9,0.0,44.8,0.0,0.0,0.0,0.0,
2022-09-13,Dinner,340.0,0.0,0.0,0.0,0.0,0.0,0.0,0.0,0.0,80.0,0.0,0.0,6.0,0.0,0.0,0.0,0.0,
2022-09-13,Lunch,821.0,30.4,9.2,2.1,2.0,0.0,35.0,246.0,497.0,124.5,13.5,49.0,27.5,8.0,24.0,31.0,26.0,
2022-09-14,Breakfast,495.0,9.5,3.5,0.0,0.0,0.0,70.0,550.0,0.0,65.5,3.0,7.0,34.5,0.0,0.0,0.0,30.0,
2022-09-29,Breakfast,1869.1,73.3,20.8,2.9,2.8,0.0,115.0,860.8,898.7,216.2,16.4,38.9,99.9,9.9,24.0,53.5,33.4,
2022-11-02,Lunch,1330.0,63.0,14.5,0.0,0.0,0.0,185.0,3420.0,0.0,107.0,8.0,9.0,82.0,50.0,30.0,8.0,36.0,
2022-12-18,Breakfast,1589.8,53.3,6.3,2.3,3.8,0.0,392.0,515.2,1264.6,183.6,10.3,69.2,108.9,163.5,121.4,99.7,7.6,
2022-12-19,Lunch,1380.0,77.0,13.5,0.0,0.0,0.0,160.0,2980.0,0.0,111.0,6.0,19.0,62.0,0.0,17.0,19.0,29.0,
2023-06-22,Breakfast,1695.0,96.0,45.0,0.0,0.0,0.0,172.5,1545.0,0.0,96.0,7.5,16.5,100.5,45.0,22.5,120.0,52.5,
2023-06-22,Lunch,1414.7,56.4,20.7,2.4,11.0,0.0,123.8,1034.8,998.2,93.4,7.0,43.1,40.9,62.7,26.0,89.6,17.8,
2023-07-09,Breakfast,3594.6,164.5,68.3,9.7,7.3,3.0,790.6,6265.4,857.3,300.5,15.8,23.7,232.7,201.4,5.0,164.1,100.7,
2023-07-19,Breakfast,1083.5,35.8,15.3,2.8,12.9,0.0,73.2,539.8,1380.2,72.1,5.0,49.5,26.6,131.1,12.0,83.2,18.2,
2023-07-19,Lunch,1335.2,59.5,15.4,9.0,9.8,0.0,205.2,3356.5,738.3,110.9,7.3,12.6,83.9,0.0,6.7,115.0,38.5,
2023-07-21,Breakfast,1556.5,70.5,17.1,1.4,5.9,0.0,289.8,3524.8,966.2,127.6,12.5,64.5,118.1,79.1,0.0,82.7,1.2,
2023-07-22,Breakfast,1240.0,63.0,22.0,0.0,0.0,2.0,170.0,2500.0,670.0,111.0,8.0,14.0,61.0,12.0,20.0,42.0,44.0,
2024-01-17,Lunch,930.0,25.0,10.0,0.0,0.0,0.0,180.0,2450.0,0.0,113.0,4.0,12.0,63.0,6.0,12.0,26.0,21.0,
